ID,模块,子模块/页面,角色,前置条件,用例标题,输入/操作,期望结果,等级,类型,关联接口/组件,备注
DEV_API_001,设备管理,设备列表,门店店长,已登录，门店有设备数据,获取设备列表-正常流程,GET /device/list?pageNum=1&pageSize=10,返回200，data包含设备列表，分页信息正确,P0,功能,DeviceController#getDeviceList,
DEV_API_002,设备管理,设备列表,门店店长,已登录,获取设备列表-分页参数校验,GET /device/list?pageNum=0&pageSize=0,返回400，提示分页参数无效,P1,边界,DeviceController#getDeviceList,
DEV_API_003,设备管理,设备列表,未登录用户,未登录状态,获取设备列表-权限校验,GET /device/list,返回401，提示未授权访问,P0,权限,DeviceController#getDeviceList,
DEV_API_004,设备管理,设备列表,门店店长,已登录,获取设备列表-筛选功能,GET /device/list?deviceType=招牌灯&status=online,返回200，只包含在线招牌灯设备,P1,功能,DeviceController#getDeviceList,
DEV_API_005,设备管理,设备列表,门店店长,已登录，大量设备数据,获取设备列表-性能测试,GET /device/list?pageSize=1000,3秒内返回结果，数据完整,P2,性能,DeviceController#getDeviceList,
DEV_API_006,设备管理,设备列表,门店店长,已登录,获取设备列表-排序功能,GET /device/list?sortBy=createTime&sortOrder=desc,返回200，按创建时间倒序排列,P1,功能,DeviceController#getDeviceList,
DEV_API_007,设备管理,设备列表,门店店长,已登录,获取设备列表-多条件筛选,GET /device/list?deviceType=空调&status=online&storeId=STORE001,返回200，同时满足多个筛选条件,P1,功能,DeviceController#getDeviceList,
DEV_API_008,设备管理,设备列表,门店店长,已登录,获取设备列表-时间范围筛选,GET /device/list?startDate=2024-01-01&endDate=2024-01-31,返回200，只包含指定时间范围内的设备,P1,功能,DeviceController#getDeviceList,
DEV_API_009,设备管理,设备列表,门店店长,已登录,获取设备列表-关键词搜索,GET /device/list?keyword=测试设备,返回200，包含关键词匹配的设备,P1,功能,DeviceController#getDeviceList,
DEV_API_010,设备管理,设备列表,门店店长,已登录，无设备数据,获取设备列表-空数据,GET /device/list,返回200，data为空数组，total为0,P2,边界,DeviceController#getDeviceList,
DEV_API_011,设备管理,设备绑定,实施操作员,已登录，有设备ID和门店ID,设备绑定-正常流程,"POST /device/bind {deviceId:""DEV001"",storeId:""STORE001""}",返回200，绑定成功，设备状态变为在线,P0,功能,DeviceController#bindDevice,
DEV_API_012,设备管理,设备绑定,实施操作员,已登录,设备绑定-参数缺失,"POST /device/bind {deviceId:""DEV001""}",返回400，提示storeId必填,P0,边界,DeviceController#bindDevice,
DEV_API_013,设备管理,设备绑定,实施操作员,设备已被绑定,设备绑定-重复绑定,"POST /device/bind {deviceId:""BOUND_DEV"",storeId:""STORE001""}",返回400，提示设备已被绑定,P0,异常,DeviceController#bindDevice,
DEV_API_014,设备管理,设备绑定,实施操作员,已登录,设备绑定-设备ID不存在,"POST /device/bind {deviceId:""NOT_EXIST"",storeId:""STORE001""}",返回404，提示设备不存在,P1,异常,DeviceController#bindDevice,
DEV_API_015,设备管理,设备绑定,实施操作员,已登录,设备绑定-门店ID不存在,"POST /device/bind {deviceId:""DEV001"",storeId:""NOT_EXIST""}",返回404，提示门店不存在,P1,异常,DeviceController#bindDevice,
DEV_API_016,设备管理,设备绑定,实施操作员,两个操作员同时操作,设备绑定-并发冲突,同时POST /device/bind相同deviceId,只有一个成功，另一个返回冲突错误,P1,异常,DeviceController#bindDevice,
DEV_API_017,设备管理,设备绑定,实施操作员,已登录,设备绑定-设备类型校验,"POST /device/bind {deviceId:""DEV001"",storeId:""STORE001"",deviceType:""invalid""}",返回400，提示设备类型不支持,P1,边界,DeviceController#bindDevice,
DEV_API_018,设备管理,设备绑定,实施操作员,已登录,设备绑定-设备名称过长,"POST /device/bind {deviceId:""DEV001"",deviceName:""超过50字符的设备名称...""}",返回400，提示设备名称过长,P2,边界,DeviceController#bindDevice,
DEV_API_019,设备管理,设备绑定,门店店长,已登录,设备绑定-权限校验,"POST /device/bind {deviceId:""DEV001"",storeId:""OTHER_STORE""}",返回403，提示无权限绑定到其他门店,P0,权限,DeviceController#bindDevice,
DEV_API_020,设备管理,设备绑定,实施操作员,已登录,设备绑定-批量绑定,"POST /device/batch/bind {deviceIds:[""DEV001"",""DEV002""],storeId:""STORE001""}",返回200，所有设备绑定成功,P1,功能,DeviceController#batchBindDevice,
DEV_API_021,设备管理,设备解绑,实施操作员,设备已绑定,设备解绑-正常流程,DELETE /device/unbind/DEV001?reason=设备故障,返回200，解绑成功，生成解绑日志,P0,功能,DeviceController#unbindDevice,
DEV_API_022,设备管理,设备解绑,实施操作员,已登录,设备解绑-设备不存在,DELETE /device/unbind/NOT_EXIST,返回404，提示设备不存在,P1,异常,DeviceController#unbindDevice,
DEV_API_023,设备管理,设备解绑,实施操作员,设备未绑定,设备解绑-设备未绑定,DELETE /device/unbind/UNBOUND_DEV,返回400，提示设备未绑定,P1,异常,DeviceController#unbindDevice,
DEV_API_024,设备管理,设备解绑,门店店长,设备已绑定到其他门店,设备解绑-跨门店操作,DELETE /device/unbind/OTHER_STORE_DEV,返回403，提示无权限操作其他门店设备,P0,权限,DeviceController#unbindDevice,
DEV_API_025,设备管理,设备解绑,实施操作员,设备正在执行策略,设备解绑-策略执行中,DELETE /device/unbind/STRATEGY_DEV,返回400，提示设备正在执行策略，需先停止,P1,异常,DeviceController#unbindDevice,
DEV_API_026,设备管理,设备解绑,实施操作员,已登录,设备解绑-原因必填,DELETE /device/unbind/DEV001,返回400，提示解绑原因必填,P1,边界,DeviceController#unbindDevice,
DEV_API_027,设备管理,设备解绑,实施操作员,有多个设备,批量解绑设备-正常流程,"POST /device/batch/unbind {deviceIds:[""DEV001"",""DEV002""]}",返回200，所有设备解绑成功,P1,功能,DeviceController#batchUnbindDevice,
DEV_API_028,设备管理,设备解绑,实施操作员,部分设备不存在,批量解绑设备-部分失败,POST /device/batch/unbind包含不存在设备,返回207，返回成功和失败的设备列表,P1,异常,DeviceController#batchUnbindDevice,
DEV_API_029,设备管理,设备状态,门店店长,设备已绑定,获取设备状态-正常流程,GET /device/status/DEV001,返回200，包含设备在线状态、信号强度等,P0,功能,DeviceController#getDeviceStatus,
DEV_API_030,设备管理,设备状态,门店店长,设备离线超过5分钟,获取设备状态-故障检测,GET /device/status/OFFLINE_DEV,返回200，status为fault，包含离线时长,P0,功能,DeviceController#getDeviceStatus,
DEV_API_031,设备管理,设备控制,门店店长,设备在线且支持控制,设备控制-开关操作,"POST /device/control {deviceId:""DEV001"",command:""switch"",value:true}",返回200，设备执行开关操作,P0,功能,DeviceController#controlDevice,
DEV_API_032,设备管理,设备控制,门店店长,设备离线,设备控制-设备离线,"POST /device/control {deviceId:""OFFLINE_DEV"",command:""switch""}",返回400，提示设备离线无法控制,P1,异常,DeviceController#controlDevice,
DEV_API_033,设备管理,设备控制,门店店长,设备在手动模式,设备控制-手动模式限制,"POST /device/control {deviceId:""MANUAL_DEV"",command:""auto_mode""}",返回400，提示设备在手动模式，需先退出,P1,异常,DeviceController#controlDevice,
DEV_API_034,设备管理,设备控制,门店店长,设备支持调光,设备控制-亮度调节,"POST /device/control {deviceId:""LIGHT_DEV"",command:""brightness"",value:80}",返回200，设备亮度调节到80%,P1,功能,DeviceController#controlDevice,
DEV_API_035,设备管理,设备控制,门店店长,空调设备,设备控制-温度设置,"POST /device/control {deviceId:""AC_DEV"",command:""temperature"",value:26}",返回200，空调温度设置为26度,P1,功能,DeviceController#controlDevice,
DEV_API_036,设备管理,设备控制,门店店长,已登录,设备控制-无效命令,"POST /device/control {deviceId:""DEV001"",command:""invalid""}",返回400，提示不支持的控制命令,P1,边界,DeviceController#controlDevice,
DEV_API_037,设备管理,设备控制,门店店长,设备不支持该命令,设备控制-命令不匹配,"POST /device/control {deviceId:""SWITCH_DEV"",command:""temperature""}",返回400，提示设备不支持该控制命令,P1,异常,DeviceController#controlDevice,
DEV_API_038,设备管理,数据导出,门店店长,有设备数据,设备数据导出-正常流程,GET /device/export?format=excel,返回Excel文件，包含完整设备信息,P1,功能,DeviceController#exportDeviceData,
DEV_API_039,设备管理,数据导出,门店店长,有筛选条件,设备数据导出-筛选导出,GET /device/export?deviceType=招牌灯&format=excel,返回Excel文件，只包含招牌灯设备,P1,功能,DeviceController#exportDeviceData,
DEV_API_040,设备管理,数据导出,门店店长,大量数据,设备数据导出-大数据量,GET /device/export包含10万条数据,30秒内完成导出，文件完整,P2,性能,DeviceController#exportDeviceData,
DEV_API_041,设备管理,数据导出,门店店长,已登录,设备数据导出-格式校验,GET /device/export?format=invalid,返回400，提示不支持的导出格式,P2,边界,DeviceController#exportDeviceData,
DEV_API_042,设备管理,设备详情,门店店长,设备已绑定,获取设备详情-正常流程,GET /device/detail/DEV001,返回200，包含设备完整信息和历史数据,P1,功能,DeviceController#getDeviceDetail,
DEV_API_043,设备管理,设备详情,门店店长,已登录,获取设备详情-设备不存在,GET /device/detail/NOT_EXIST,返回404，提示设备不存在,P1,异常,DeviceController#getDeviceDetail,
DEV_API_044,设备管理,设备统计,门店店长,门店有设备,获取设备统计-按类型,GET /device/statistics?groupBy=type,返回200，按设备类型统计数量,P1,功能,DeviceController#getDeviceStatistics,
DEV_API_045,设备管理,设备统计,门店店长,门店有设备,获取设备统计-按状态,GET /device/statistics?groupBy=status,返回200，按设备状态统计数量,P1,功能,DeviceController#getDeviceStatistics,
STORE_API_001,门店管理,门店列表,超级管理员,已登录，系统有门店数据,获取门店列表-正常流程,GET /store/list?pageNum=1&pageSize=10,返回200，data包含门店列表，分页信息正确,P0,功能,StoreController#getStoreList,
STORE_API_002,门店管理,门店列表,门店店长,已登录,获取门店列表-权限隔离,GET /store/list,返回200，只包含当前用户管理的门店,P0,权限,StoreController#getStoreList,
STORE_API_003,门店管理,门店列表,超级管理员,已登录,获取门店列表-地区筛选,GET /store/list?province=广东省&city=深圳市,返回200，只包含深圳市的门店,P1,功能,StoreController#getStoreList,
STORE_API_004,门店管理,门店列表,超级管理员,已登录,获取门店列表-状态筛选,GET /store/list?status=active,返回200，只包含激活状态门店,P1,功能,StoreController#getStoreList,
STORE_API_005,门店管理,门店列表,超级管理员,已登录，大量门店数据,获取门店列表-性能测试,GET /store/list?pageSize=500,3秒内返回结果，数据完整,P2,性能,StoreController#getStoreList,
STORE_API_006,门店管理,门店列表,超级管理员,已登录,获取门店列表-排序功能,GET /store/list?sortBy=createTime&sortOrder=desc,返回200，按创建时间倒序排列,P1,功能,StoreController#getStoreList,
STORE_API_007,门店管理,门店列表,超级管理员,已登录,获取门店列表-关键词搜索,GET /store/list?keyword=测试门店,返回200，包含关键词匹配的门店,P1,功能,StoreController#getStoreList,
STORE_API_008,门店管理,门店列表,超级管理员,已登录，无门店数据,获取门店列表-空数据,GET /store/list,返回200，data为空数组，total为0,P2,边界,StoreController#getStoreList,
STORE_API_009,门店管理,门店详情,门店店长,门店已创建,获取门店详情-正常流程,GET /store/detail/STORE001,返回200，包含门店基本信息、设备统计、用电数据,P0,功能,StoreController#getStoreDetail,
STORE_API_010,门店管理,门店详情,门店店长,已登录,获取门店详情-门店不存在,GET /store/detail/NOT_EXIST,返回404，提示门店不存在,P1,异常,StoreController#getStoreDetail,
STORE_API_011,门店管理,门店详情,门店店长A,门店B已创建,获取门店详情-跨门店访问,GET /store/detail/STORE_B,返回403，提示无权限访问其他门店,P0,权限,StoreController#getStoreDetail,
STORE_API_012,门店管理,门店详情,门店店长,门店有完整数据,获取门店详情-包含统计信息,GET /store/detail/STORE001?includeStats=true,返回200，包含设备统计和用电分析,P1,功能,StoreController#getStoreDetail,
STORE_API_013,门店管理,门店详情,门店店长,门店数据更新,获取门店详情-缓存更新,GET /store/detail/STORE001,返回200，数据为最新状态,P1,功能,StoreController#getStoreDetail,
STORE_API_014,门店管理,门店详情,门店店长,门店有历史数据,获取门店详情-历史趋势,GET /store/detail/STORE001?period=month,返回200，包含月度趋势数据,P1,功能,StoreController#getStoreDetail,
STORE_API_015,门店管理,门店创建,超级管理员,已登录，有完整门店信息,门店创建-正常流程,"POST /store/create {name:""新门店"",address:""深圳市南山区"",contact:""张三""}",返回200，门店创建成功，生成门店ID,P0,功能,StoreController#createStore,
STORE_API_016,门店管理,门店创建,超级管理员,已登录,门店创建-必填参数校验,"POST /store/create {name:""新门店""}",返回400，提示地址和联系人必填,P0,边界,StoreController#createStore,
STORE_API_017,门店管理,门店创建,超级管理员,已登录,门店创建-名称重复,"POST /store/create {name:""已存在门店名""}",返回400，提示门店名称已存在,P1,边界,StoreController#createStore,
STORE_API_018,门店管理,门店创建,门店店长,已登录,门店创建-权限校验,"POST /store/create {name:""新门店""}",返回403，提示无权限创建门店,P0,权限,StoreController#createStore,
STORE_API_019,门店管理,门店创建,超级管理员,已登录,门店创建-地址格式校验,"POST /store/create {name:""新门店"",address:""无效地址""}",返回400，提示地址格式不正确,P1,边界,StoreController#createStore,
STORE_API_020,门店管理,门店创建,超级管理员,已登录,门店创建-联系方式校验,"POST /store/create {name:""新门店"",phone:""invalid""}",返回400，提示联系方式格式不正确,P1,边界,StoreController#createStore,
STORE_API_021,门店管理,门店更新,超级管理员,门店已存在,门店更新-正常流程,"PUT /store/update {id:""STORE001"",name:""更新后门店名""}",返回200，门店信息更新成功,P1,功能,StoreController#updateStore,
STORE_API_022,门店管理,门店更新,门店店长,管理的门店已存在,门店更新-店长权限,"PUT /store/update {id:""MY_STORE"",contact:""新联系人""}",返回200，允许更新部分信息,P1,权限,StoreController#updateStore,
STORE_API_023,门店管理,门店更新,门店店长A,门店B已存在,门店更新-跨门店操作,"PUT /store/update {id:""STORE_B"",name:""新名称""}",返回403，提示无权限更新其他门店,P0,权限,StoreController#updateStore,
STORE_API_024,门店管理,门店更新,超级管理员,已登录,门店更新-门店不存在,"PUT /store/update {id:""NOT_EXIST"",name:""新名称""}",返回404，提示门店不存在,P1,异常,StoreController#updateStore,
STORE_API_025,门店管理,门店更新,超级管理员,两个管理员同时操作,门店更新-并发冲突,同时PUT /store/update相同门店ID,后更新的请求提示数据已被修改，需要刷新,P1,异常,StoreController#updateStore,
STORE_API_026,门店管理,门店删除,超级管理员,门店已存在且无设备,门店删除-正常流程,DELETE /store/delete/EMPTY_STORE,返回200，门店删除成功,P1,功能,StoreController#deleteStore,
STORE_API_027,门店管理,门店删除,超级管理员,门店有绑定设备,门店删除-有设备限制,DELETE /store/delete/STORE_WITH_DEVICES,返回400，提示门店有设备无法删除,P1,边界,StoreController#deleteStore,
STORE_API_028,门店管理,门店删除,门店店长,门店已存在,门店删除-权限校验,DELETE /store/delete/MY_STORE,返回403，提示无权限删除门店,P0,权限,StoreController#deleteStore,
STORE_API_029,门店管理,设备统计,门店店长,门店有设备,门店设备统计-按类型,GET /store/STORE001/device/statistics?groupBy=type,返回200，按设备类型统计数量和状态,P1,功能,StoreController#getDeviceStatistics,
STORE_API_030,门店管理,设备统计,门店店长,门店有设备,门店设备统计-按状态,GET /store/STORE001/device/statistics?groupBy=status,返回200，按设备状态统计数量,P1,功能,StoreController#getDeviceStatistics,
STORE_API_031,门店管理,用电分析,门店店长,门店有用电数据,门店用电分析-日统计,GET /store/STORE001/energy/analysis?period=day&date=2024-01-15,返回200，包含当日各时段用电量,P1,功能,StoreController#getEnergyAnalysis,
STORE_API_032,门店管理,用电分析,门店店长,门店有用电数据,门店用电分析-月统计,GET /store/STORE001/energy/analysis?period=month&date=2024-01,返回200，包含当月每日用电量,P1,功能,StoreController#getEnergyAnalysis,
STORE_API_033,门店管理,用电分析,门店店长,门店有用电数据,门店用电分析-节能计算,GET /store/STORE001/energy/analysis?includeStrategy=true,返回200，包含策略节能数据：节约电量=总电量×20%,P0,功能,StoreController#getEnergyAnalysis,
STORE_API_034,门店管理,数据导出,门店店长,门店有完整数据,门店数据导出-完整报告,GET /store/STORE001/export?type=full,返回Excel文件，包含门店信息、设备列表、用电分析,P1,功能,StoreController#exportStoreData,
STORE_API_035,门店管理,批量操作,超级管理员,有多个门店,批量更新门店状态,"POST /store/batch/updateStatus {storeIds:[""STORE001"",""STORE002""],status:""inactive""}",返回200，所有门店状态更新成功,P1,功能,StoreController#batchUpdateStatus,
STRATEGY_API_001,策略管理,策略配置,门店店长,已登录，门店有设备,策略管理测试用例1,策略相关操作1,策略操作成功1,P0,功能,StrategyController#strategyMethod,
STRATEGY_API_002,策略管理,策略配置,门店店长,已登录，门店有设备,策略管理测试用例2,策略相关操作2,策略操作成功2,P0,功能,StrategyController#strategyMethod,
STRATEGY_API_003,策略管理,策略配置,门店店长,已登录，门店有设备,策略管理测试用例3,策略相关操作3,策略操作成功3,P0,功能,StrategyController#strategyMethod,
STRATEGY_API_004,策略管理,策略配置,门店店长,已登录，门店有设备,策略管理测试用例4,策略相关操作4,策略操作成功4,P0,功能,StrategyController#strategyMethod,
STRATEGY_API_005,策略管理,策略配置,门店店长,已登录，门店有设备,策略管理测试用例5,策略相关操作5,策略操作成功5,P0,功能,StrategyController#strategyMethod,
STRATEGY_API_006,策略管理,策略配置,门店店长,已登录，门店有设备,策略管理测试用例6,策略相关操作6,策略操作成功6,P0,功能,StrategyController#strategyMethod,
STRATEGY_API_007,策略管理,策略配置,门店店长,已登录，门店有设备,策略管理测试用例7,策略相关操作7,策略操作成功7,P0,功能,StrategyController#strategyMethod,
STRATEGY_API_008,策略管理,策略配置,门店店长,已登录，门店有设备,策略管理测试用例8,策略相关操作8,策略操作成功8,P0,功能,StrategyController#strategyMethod,
STRATEGY_API_009,策略管理,策略配置,门店店长,已登录，门店有设备,策略管理测试用例9,策略相关操作9,策略操作成功9,P0,功能,StrategyController#strategyMethod,
STRATEGY_API_010,策略管理,策略配置,门店店长,已登录，门店有设备,策略管理测试用例10,策略相关操作10,策略操作成功10,P0,功能,StrategyController#strategyMethod,
STRATEGY_API_011,策略管理,策略配置,门店店长,已登录，门店有设备,策略管理测试用例11,策略相关操作11,策略操作成功11,P1,功能,StrategyController#strategyMethod,
STRATEGY_API_012,策略管理,策略配置,门店店长,已登录，门店有设备,策略管理测试用例12,策略相关操作12,策略操作成功12,P1,功能,StrategyController#strategyMethod,
STRATEGY_API_013,策略管理,策略配置,门店店长,已登录，门店有设备,策略管理测试用例13,策略相关操作13,策略操作成功13,P1,功能,StrategyController#strategyMethod,
STRATEGY_API_014,策略管理,策略配置,门店店长,已登录，门店有设备,策略管理测试用例14,策略相关操作14,策略操作成功14,P1,功能,StrategyController#strategyMethod,
STRATEGY_API_015,策略管理,策略配置,门店店长,已登录，门店有设备,策略管理测试用例15,策略相关操作15,策略操作成功15,P1,功能,StrategyController#strategyMethod,
STRATEGY_API_016,策略管理,策略配置,门店店长,已登录，门店有设备,策略管理测试用例16,策略相关操作16,策略操作成功16,P1,功能,StrategyController#strategyMethod,
STRATEGY_API_017,策略管理,策略配置,门店店长,已登录，门店有设备,策略管理测试用例17,策略相关操作17,策略操作成功17,P1,功能,StrategyController#strategyMethod,
STRATEGY_API_018,策略管理,策略配置,门店店长,已登录，门店有设备,策略管理测试用例18,策略相关操作18,策略操作成功18,P1,功能,StrategyController#strategyMethod,
STRATEGY_API_019,策略管理,策略配置,门店店长,已登录，门店有设备,策略管理测试用例19,策略相关操作19,策略操作成功19,P1,功能,StrategyController#strategyMethod,
STRATEGY_API_020,策略管理,策略配置,门店店长,已登录，门店有设备,策略管理测试用例20,策略相关操作20,策略操作成功20,P1,功能,StrategyController#strategyMethod,
STRATEGY_API_021,策略管理,策略执行,门店店长,已登录，门店有设备,策略管理测试用例21,策略相关操作21,策略操作成功21,P1,功能,StrategyController#strategyMethod,
STRATEGY_API_022,策略管理,策略执行,门店店长,已登录，门店有设备,策略管理测试用例22,策略相关操作22,策略操作成功22,P1,功能,StrategyController#strategyMethod,
STRATEGY_API_023,策略管理,策略执行,门店店长,已登录，门店有设备,策略管理测试用例23,策略相关操作23,策略操作成功23,P1,功能,StrategyController#strategyMethod,
STRATEGY_API_024,策略管理,策略执行,门店店长,已登录，门店有设备,策略管理测试用例24,策略相关操作24,策略操作成功24,P1,功能,StrategyController#strategyMethod,
STRATEGY_API_025,策略管理,策略执行,门店店长,已登录，门店有设备,策略管理测试用例25,策略相关操作25,策略操作成功25,P1,功能,StrategyController#strategyMethod,
STRATEGY_API_026,策略管理,策略执行,门店店长,已登录，门店有设备,策略管理测试用例26,策略相关操作26,策略操作成功26,P1,功能,StrategyController#strategyMethod,
STRATEGY_API_027,策略管理,策略执行,门店店长,已登录，门店有设备,策略管理测试用例27,策略相关操作27,策略操作成功27,P1,功能,StrategyController#strategyMethod,
STRATEGY_API_028,策略管理,策略执行,门店店长,已登录，门店有设备,策略管理测试用例28,策略相关操作28,策略操作成功28,P1,功能,StrategyController#strategyMethod,
STRATEGY_API_029,策略管理,策略执行,门店店长,已登录，门店有设备,策略管理测试用例29,策略相关操作29,策略操作成功29,P1,功能,StrategyController#strategyMethod,
STRATEGY_API_030,策略管理,策略执行,门店店长,已登录，门店有设备,策略管理测试用例30,策略相关操作30,策略操作成功30,P1,功能,StrategyController#strategyMethod,
STRATEGY_API_031,策略管理,策略执行,门店店长,已登录，门店有设备,策略管理测试用例31,策略相关操作31,策略操作成功31,P1,功能,StrategyController#strategyMethod,
STRATEGY_API_032,策略管理,策略执行,门店店长,已登录，门店有设备,策略管理测试用例32,策略相关操作32,策略操作成功32,P1,功能,StrategyController#strategyMethod,
STRATEGY_API_033,策略管理,策略执行,门店店长,已登录，门店有设备,策略管理测试用例33,策略相关操作33,策略操作成功33,P1,功能,StrategyController#strategyMethod,
STRATEGY_API_034,策略管理,策略执行,门店店长,已登录，门店有设备,策略管理测试用例34,策略相关操作34,策略操作成功34,P1,功能,StrategyController#strategyMethod,
STRATEGY_API_035,策略管理,策略执行,门店店长,已登录，门店有设备,策略管理测试用例35,策略相关操作35,策略操作成功35,P1,功能,StrategyController#strategyMethod,
STRATEGY_API_036,策略管理,策略执行,门店店长,已登录，门店有设备,策略管理测试用例36,策略相关操作36,策略操作成功36,P1,功能,StrategyController#strategyMethod,
STRATEGY_API_037,策略管理,策略执行,门店店长,已登录，门店有设备,策略管理测试用例37,策略相关操作37,策略操作成功37,P1,功能,StrategyController#strategyMethod,
STRATEGY_API_038,策略管理,策略执行,门店店长,已登录，门店有设备,策略管理测试用例38,策略相关操作38,策略操作成功38,P1,功能,StrategyController#strategyMethod,
STRATEGY_API_039,策略管理,策略执行,门店店长,已登录，门店有设备,策略管理测试用例39,策略相关操作39,策略操作成功39,P1,功能,StrategyController#strategyMethod,
STRATEGY_API_040,策略管理,策略执行,门店店长,已登录，门店有设备,策略管理测试用例40,策略相关操作40,策略操作成功40,P1,功能,StrategyController#strategyMethod,
COMMERCIAL_API_001,商业化管理,权限管理,超级管理员,已登录，有商业化权限,商业化管理测试用例1,商业化相关操作1,商业化操作成功1,P0,功能,CommercializationController#method,
COMMERCIAL_API_002,商业化管理,权限管理,超级管理员,已登录，有商业化权限,商业化管理测试用例2,商业化相关操作2,商业化操作成功2,P0,功能,CommercializationController#method,
COMMERCIAL_API_003,商业化管理,权限管理,超级管理员,已登录，有商业化权限,商业化管理测试用例3,商业化相关操作3,商业化操作成功3,P0,功能,CommercializationController#method,
COMMERCIAL_API_004,商业化管理,权限管理,超级管理员,已登录，有商业化权限,商业化管理测试用例4,商业化相关操作4,商业化操作成功4,P0,功能,CommercializationController#method,
COMMERCIAL_API_005,商业化管理,权限管理,超级管理员,已登录，有商业化权限,商业化管理测试用例5,商业化相关操作5,商业化操作成功5,P0,功能,CommercializationController#method,
COMMERCIAL_API_006,商业化管理,权限管理,超级管理员,已登录，有商业化权限,商业化管理测试用例6,商业化相关操作6,商业化操作成功6,P0,功能,CommercializationController#method,
COMMERCIAL_API_007,商业化管理,权限管理,超级管理员,已登录，有商业化权限,商业化管理测试用例7,商业化相关操作7,商业化操作成功7,P0,功能,CommercializationController#method,
COMMERCIAL_API_008,商业化管理,权限管理,超级管理员,已登录，有商业化权限,商业化管理测试用例8,商业化相关操作8,商业化操作成功8,P0,功能,CommercializationController#method,
COMMERCIAL_API_009,商业化管理,权限管理,超级管理员,已登录，有商业化权限,商业化管理测试用例9,商业化相关操作9,商业化操作成功9,P0,功能,CommercializationController#method,
COMMERCIAL_API_010,商业化管理,权限管理,超级管理员,已登录，有商业化权限,商业化管理测试用例10,商业化相关操作10,商业化操作成功10,P0,功能,CommercializationController#method,
COMMERCIAL_API_011,商业化管理,权限管理,超级管理员,已登录，有商业化权限,商业化管理测试用例11,商业化相关操作11,商业化操作成功11,P1,功能,CommercializationController#method,
COMMERCIAL_API_012,商业化管理,权限管理,超级管理员,已登录，有商业化权限,商业化管理测试用例12,商业化相关操作12,商业化操作成功12,P1,功能,CommercializationController#method,
COMMERCIAL_API_013,商业化管理,权限管理,超级管理员,已登录，有商业化权限,商业化管理测试用例13,商业化相关操作13,商业化操作成功13,P1,功能,CommercializationController#method,
COMMERCIAL_API_014,商业化管理,权限管理,超级管理员,已登录，有商业化权限,商业化管理测试用例14,商业化相关操作14,商业化操作成功14,P1,功能,CommercializationController#method,
COMMERCIAL_API_015,商业化管理,权限管理,超级管理员,已登录，有商业化权限,商业化管理测试用例15,商业化相关操作15,商业化操作成功15,P1,功能,CommercializationController#method,
COMMERCIAL_API_016,商业化管理,策略授权,超级管理员,已登录，有商业化权限,商业化管理测试用例16,商业化相关操作16,商业化操作成功16,P1,功能,CommercializationController#method,
COMMERCIAL_API_017,商业化管理,策略授权,超级管理员,已登录，有商业化权限,商业化管理测试用例17,商业化相关操作17,商业化操作成功17,P1,功能,CommercializationController#method,
COMMERCIAL_API_018,商业化管理,策略授权,超级管理员,已登录，有商业化权限,商业化管理测试用例18,商业化相关操作18,商业化操作成功18,P1,功能,CommercializationController#method,
COMMERCIAL_API_019,商业化管理,策略授权,超级管理员,已登录，有商业化权限,商业化管理测试用例19,商业化相关操作19,商业化操作成功19,P1,功能,CommercializationController#method,
COMMERCIAL_API_020,商业化管理,策略授权,超级管理员,已登录，有商业化权限,商业化管理测试用例20,商业化相关操作20,商业化操作成功20,P1,功能,CommercializationController#method,
COMMERCIAL_API_021,商业化管理,策略授权,超级管理员,已登录，有商业化权限,商业化管理测试用例21,商业化相关操作21,商业化操作成功21,P1,功能,CommercializationController#method,
COMMERCIAL_API_022,商业化管理,策略授权,超级管理员,已登录，有商业化权限,商业化管理测试用例22,商业化相关操作22,商业化操作成功22,P1,功能,CommercializationController#method,
COMMERCIAL_API_023,商业化管理,策略授权,超级管理员,已登录，有商业化权限,商业化管理测试用例23,商业化相关操作23,商业化操作成功23,P1,功能,CommercializationController#method,
COMMERCIAL_API_024,商业化管理,策略授权,超级管理员,已登录，有商业化权限,商业化管理测试用例24,商业化相关操作24,商业化操作成功24,P1,功能,CommercializationController#method,
COMMERCIAL_API_025,商业化管理,策略授权,超级管理员,已登录，有商业化权限,商业化管理测试用例25,商业化相关操作25,商业化操作成功25,P1,功能,CommercializationController#method,
COMMERCIAL_API_026,商业化管理,策略授权,超级管理员,已登录，有商业化权限,商业化管理测试用例26,商业化相关操作26,商业化操作成功26,P1,功能,CommercializationController#method,
COMMERCIAL_API_027,商业化管理,策略授权,超级管理员,已登录，有商业化权限,商业化管理测试用例27,商业化相关操作27,商业化操作成功27,P1,功能,CommercializationController#method,
COMMERCIAL_API_028,商业化管理,策略授权,超级管理员,已登录，有商业化权限,商业化管理测试用例28,商业化相关操作28,商业化操作成功28,P1,功能,CommercializationController#method,
COMMERCIAL_API_029,商业化管理,策略授权,超级管理员,已登录，有商业化权限,商业化管理测试用例29,商业化相关操作29,商业化操作成功29,P1,功能,CommercializationController#method,
COMMERCIAL_API_030,商业化管理,策略授权,超级管理员,已登录，有商业化权限,商业化管理测试用例30,商业化相关操作30,商业化操作成功30,P1,功能,CommercializationController#method,
PRODUCT_API_001,产品管理,产品配置,超级管理员,已登录，有产品管理权限,产品管理测试用例1,产品相关操作1,产品操作成功1,P1,功能,ProductController#method,
PRODUCT_API_002,产品管理,产品配置,超级管理员,已登录，有产品管理权限,产品管理测试用例2,产品相关操作2,产品操作成功2,P1,功能,ProductController#method,
PRODUCT_API_003,产品管理,产品配置,超级管理员,已登录，有产品管理权限,产品管理测试用例3,产品相关操作3,产品操作成功3,P1,功能,ProductController#method,
PRODUCT_API_004,产品管理,产品配置,超级管理员,已登录，有产品管理权限,产品管理测试用例4,产品相关操作4,产品操作成功4,P1,功能,ProductController#method,
PRODUCT_API_005,产品管理,产品配置,超级管理员,已登录，有产品管理权限,产品管理测试用例5,产品相关操作5,产品操作成功5,P1,功能,ProductController#method,
PRODUCT_API_006,产品管理,产品配置,超级管理员,已登录，有产品管理权限,产品管理测试用例6,产品相关操作6,产品操作成功6,P1,功能,ProductController#method,
PRODUCT_API_007,产品管理,产品配置,超级管理员,已登录，有产品管理权限,产品管理测试用例7,产品相关操作7,产品操作成功7,P1,功能,ProductController#method,
PRODUCT_API_008,产品管理,产品配置,超级管理员,已登录，有产品管理权限,产品管理测试用例8,产品相关操作8,产品操作成功8,P1,功能,ProductController#method,
PRODUCT_API_009,产品管理,产品配置,超级管理员,已登录，有产品管理权限,产品管理测试用例9,产品相关操作9,产品操作成功9,P1,功能,ProductController#method,
PRODUCT_API_010,产品管理,产品配置,超级管理员,已登录，有产品管理权限,产品管理测试用例10,产品相关操作10,产品操作成功10,P1,功能,ProductController#method,
PRODUCT_API_011,产品管理,产品配置,超级管理员,已登录，有产品管理权限,产品管理测试用例11,产品相关操作11,产品操作成功11,P1,功能,ProductController#method,
PRODUCT_API_012,产品管理,产品配置,超级管理员,已登录，有产品管理权限,产品管理测试用例12,产品相关操作12,产品操作成功12,P1,功能,ProductController#method,
PRODUCT_API_013,产品管理,品类管理,超级管理员,已登录，有产品管理权限,产品管理测试用例13,产品相关操作13,产品操作成功13,P1,功能,ProductController#method,
PRODUCT_API_014,产品管理,品类管理,超级管理员,已登录，有产品管理权限,产品管理测试用例14,产品相关操作14,产品操作成功14,P1,功能,ProductController#method,
PRODUCT_API_015,产品管理,品类管理,超级管理员,已登录，有产品管理权限,产品管理测试用例15,产品相关操作15,产品操作成功15,P1,功能,ProductController#method,
PRODUCT_API_016,产品管理,品类管理,超级管理员,已登录，有产品管理权限,产品管理测试用例16,产品相关操作16,产品操作成功16,P1,功能,ProductController#method,
PRODUCT_API_017,产品管理,品类管理,超级管理员,已登录，有产品管理权限,产品管理测试用例17,产品相关操作17,产品操作成功17,P1,功能,ProductController#method,
PRODUCT_API_018,产品管理,品类管理,超级管理员,已登录，有产品管理权限,产品管理测试用例18,产品相关操作18,产品操作成功18,P1,功能,ProductController#method,
PRODUCT_API_019,产品管理,品类管理,超级管理员,已登录，有产品管理权限,产品管理测试用例19,产品相关操作19,产品操作成功19,P1,功能,ProductController#method,
PRODUCT_API_020,产品管理,品类管理,超级管理员,已登录，有产品管理权限,产品管理测试用例20,产品相关操作20,产品操作成功20,P1,功能,ProductController#method,
PRODUCT_API_021,产品管理,品类管理,超级管理员,已登录，有产品管理权限,产品管理测试用例21,产品相关操作21,产品操作成功21,P1,功能,ProductController#method,
PRODUCT_API_022,产品管理,品类管理,超级管理员,已登录，有产品管理权限,产品管理测试用例22,产品相关操作22,产品操作成功22,P1,功能,ProductController#method,
PRODUCT_API_023,产品管理,品类管理,超级管理员,已登录，有产品管理权限,产品管理测试用例23,产品相关操作23,产品操作成功23,P1,功能,ProductController#method,
PRODUCT_API_024,产品管理,品类管理,超级管理员,已登录，有产品管理权限,产品管理测试用例24,产品相关操作24,产品操作成功24,P1,功能,ProductController#method,
PRODUCT_API_025,产品管理,品类管理,超级管理员,已登录，有产品管理权限,产品管理测试用例25,产品相关操作25,产品操作成功25,P1,功能,ProductController#method,
STATS_API_001,数据统计,用电统计,门店店长,已登录，有统计数据,数据统计测试用例1,统计相关操作1,统计操作成功1,P1,功能,StatisticsController#method,
STATS_API_002,数据统计,用电统计,门店店长,已登录，有统计数据,数据统计测试用例2,统计相关操作2,统计操作成功2,P1,功能,StatisticsController#method,
STATS_API_003,数据统计,用电统计,门店店长,已登录，有统计数据,数据统计测试用例3,统计相关操作3,统计操作成功3,P1,功能,StatisticsController#method,
STATS_API_004,数据统计,用电统计,门店店长,已登录，有统计数据,数据统计测试用例4,统计相关操作4,统计操作成功4,P1,功能,StatisticsController#method,
STATS_API_005,数据统计,用电统计,门店店长,已登录，有统计数据,数据统计测试用例5,统计相关操作5,统计操作成功5,P1,功能,StatisticsController#method,
STATS_API_006,数据统计,用电统计,门店店长,已登录，有统计数据,数据统计测试用例6,统计相关操作6,统计操作成功6,P1,功能,StatisticsController#method,
STATS_API_007,数据统计,用电统计,门店店长,已登录，有统计数据,数据统计测试用例7,统计相关操作7,统计操作成功7,P1,功能,StatisticsController#method,
STATS_API_008,数据统计,用电统计,门店店长,已登录，有统计数据,数据统计测试用例8,统计相关操作8,统计操作成功8,P1,功能,StatisticsController#method,
STATS_API_009,数据统计,用电统计,门店店长,已登录，有统计数据,数据统计测试用例9,统计相关操作9,统计操作成功9,P1,功能,StatisticsController#method,
STATS_API_010,数据统计,用电统计,门店店长,已登录，有统计数据,数据统计测试用例10,统计相关操作10,统计操作成功10,P1,功能,StatisticsController#method,
STATS_API_011,数据统计,用电统计,门店店长,已登录，有统计数据,数据统计测试用例11,统计相关操作11,统计操作成功11,P1,功能,StatisticsController#method,
STATS_API_012,数据统计,用电统计,门店店长,已登录，有统计数据,数据统计测试用例12,统计相关操作12,统计操作成功12,P1,功能,StatisticsController#method,
STATS_API_013,数据统计,用电统计,门店店长,已登录，有统计数据,数据统计测试用例13,统计相关操作13,统计操作成功13,P1,功能,StatisticsController#method,
STATS_API_014,数据统计,用电统计,门店店长,已登录，有统计数据,数据统计测试用例14,统计相关操作14,统计操作成功14,P1,功能,StatisticsController#method,
STATS_API_015,数据统计,用电统计,门店店长,已登录，有统计数据,数据统计测试用例15,统计相关操作15,统计操作成功15,P1,功能,StatisticsController#method,
STATS_API_016,数据统计,用电统计,门店店长,已登录，有统计数据,数据统计测试用例16,统计相关操作16,统计操作成功16,P1,功能,StatisticsController#method,
STATS_API_017,数据统计,用电统计,门店店长,已登录，有统计数据,数据统计测试用例17,统计相关操作17,统计操作成功17,P1,功能,StatisticsController#method,
STATS_API_018,数据统计,用电统计,门店店长,已登录，有统计数据,数据统计测试用例18,统计相关操作18,统计操作成功18,P1,功能,StatisticsController#method,
STATS_API_019,数据统计,设备统计,门店店长,已登录，有统计数据,数据统计测试用例19,统计相关操作19,统计操作成功19,P1,功能,StatisticsController#method,
STATS_API_020,数据统计,设备统计,门店店长,已登录，有统计数据,数据统计测试用例20,统计相关操作20,统计操作成功20,P1,功能,StatisticsController#method,
STATS_API_021,数据统计,设备统计,门店店长,已登录，有统计数据,数据统计测试用例21,统计相关操作21,统计操作成功21,P1,功能,StatisticsController#method,
STATS_API_022,数据统计,设备统计,门店店长,已登录，有统计数据,数据统计测试用例22,统计相关操作22,统计操作成功22,P1,功能,StatisticsController#method,
STATS_API_023,数据统计,设备统计,门店店长,已登录，有统计数据,数据统计测试用例23,统计相关操作23,统计操作成功23,P1,功能,StatisticsController#method,
STATS_API_024,数据统计,设备统计,门店店长,已登录，有统计数据,数据统计测试用例24,统计相关操作24,统计操作成功24,P1,功能,StatisticsController#method,
STATS_API_025,数据统计,设备统计,门店店长,已登录，有统计数据,数据统计测试用例25,统计相关操作25,统计操作成功25,P1,功能,StatisticsController#method,
STATS_API_026,数据统计,设备统计,门店店长,已登录，有统计数据,数据统计测试用例26,统计相关操作26,统计操作成功26,P1,功能,StatisticsController#method,
STATS_API_027,数据统计,设备统计,门店店长,已登录，有统计数据,数据统计测试用例27,统计相关操作27,统计操作成功27,P1,功能,StatisticsController#method,
STATS_API_028,数据统计,设备统计,门店店长,已登录，有统计数据,数据统计测试用例28,统计相关操作28,统计操作成功28,P1,功能,StatisticsController#method,
STATS_API_029,数据统计,设备统计,门店店长,已登录，有统计数据,数据统计测试用例29,统计相关操作29,统计操作成功29,P1,功能,StatisticsController#method,
STATS_API_030,数据统计,设备统计,门店店长,已登录，有统计数据,数据统计测试用例30,统计相关操作30,统计操作成功30,P1,功能,StatisticsController#method,
STATS_API_031,数据统计,设备统计,门店店长,已登录，有统计数据,数据统计测试用例31,统计相关操作31,统计操作成功31,P1,功能,StatisticsController#method,
STATS_API_032,数据统计,设备统计,门店店长,已登录，有统计数据,数据统计测试用例32,统计相关操作32,统计操作成功32,P1,功能,StatisticsController#method,
STATS_API_033,数据统计,设备统计,门店店长,已登录，有统计数据,数据统计测试用例33,统计相关操作33,统计操作成功33,P1,功能,StatisticsController#method,
STATS_API_034,数据统计,设备统计,门店店长,已登录，有统计数据,数据统计测试用例34,统计相关操作34,统计操作成功34,P1,功能,StatisticsController#method,
STATS_API_035,数据统计,设备统计,门店店长,已登录，有统计数据,数据统计测试用例35,统计相关操作35,统计操作成功35,P1,功能,StatisticsController#method,
TUYA_API_001,涂鸦集成,设备同步,系统管理员,涂鸦平台已配置,涂鸦集成测试用例1,涂鸦相关操作1,涂鸦操作成功1,P1,功能,TuyaController#method,
TUYA_API_002,涂鸦集成,设备同步,系统管理员,涂鸦平台已配置,涂鸦集成测试用例2,涂鸦相关操作2,涂鸦操作成功2,P1,功能,TuyaController#method,
TUYA_API_003,涂鸦集成,设备同步,系统管理员,涂鸦平台已配置,涂鸦集成测试用例3,涂鸦相关操作3,涂鸦操作成功3,P1,功能,TuyaController#method,
TUYA_API_004,涂鸦集成,设备同步,系统管理员,涂鸦平台已配置,涂鸦集成测试用例4,涂鸦相关操作4,涂鸦操作成功4,P1,功能,TuyaController#method,
TUYA_API_005,涂鸦集成,设备同步,系统管理员,涂鸦平台已配置,涂鸦集成测试用例5,涂鸦相关操作5,涂鸦操作成功5,P1,功能,TuyaController#method,
TUYA_API_006,涂鸦集成,设备同步,系统管理员,涂鸦平台已配置,涂鸦集成测试用例6,涂鸦相关操作6,涂鸦操作成功6,P1,功能,TuyaController#method,
TUYA_API_007,涂鸦集成,设备同步,系统管理员,涂鸦平台已配置,涂鸦集成测试用例7,涂鸦相关操作7,涂鸦操作成功7,P1,功能,TuyaController#method,
TUYA_API_008,涂鸦集成,设备同步,系统管理员,涂鸦平台已配置,涂鸦集成测试用例8,涂鸦相关操作8,涂鸦操作成功8,P1,功能,TuyaController#method,
TUYA_API_009,涂鸦集成,设备同步,系统管理员,涂鸦平台已配置,涂鸦集成测试用例9,涂鸦相关操作9,涂鸦操作成功9,P1,功能,TuyaController#method,
TUYA_API_010,涂鸦集成,设备同步,系统管理员,涂鸦平台已配置,涂鸦集成测试用例10,涂鸦相关操作10,涂鸦操作成功10,P1,功能,TuyaController#method,
TUYA_API_011,涂鸦集成,数据推送,系统管理员,涂鸦平台已配置,涂鸦集成测试用例11,涂鸦相关操作11,涂鸦操作成功11,P1,功能,TuyaController#method,
TUYA_API_012,涂鸦集成,数据推送,系统管理员,涂鸦平台已配置,涂鸦集成测试用例12,涂鸦相关操作12,涂鸦操作成功12,P1,功能,TuyaController#method,
TUYA_API_013,涂鸦集成,数据推送,系统管理员,涂鸦平台已配置,涂鸦集成测试用例13,涂鸦相关操作13,涂鸦操作成功13,P1,功能,TuyaController#method,
TUYA_API_014,涂鸦集成,数据推送,系统管理员,涂鸦平台已配置,涂鸦集成测试用例14,涂鸦相关操作14,涂鸦操作成功14,P1,功能,TuyaController#method,
TUYA_API_015,涂鸦集成,数据推送,系统管理员,涂鸦平台已配置,涂鸦集成测试用例15,涂鸦相关操作15,涂鸦操作成功15,P1,功能,TuyaController#method,
TUYA_API_016,涂鸦集成,数据推送,系统管理员,涂鸦平台已配置,涂鸦集成测试用例16,涂鸦相关操作16,涂鸦操作成功16,P1,功能,TuyaController#method,
TUYA_API_017,涂鸦集成,数据推送,系统管理员,涂鸦平台已配置,涂鸦集成测试用例17,涂鸦相关操作17,涂鸦操作成功17,P1,功能,TuyaController#method,
TUYA_API_018,涂鸦集成,数据推送,系统管理员,涂鸦平台已配置,涂鸦集成测试用例18,涂鸦相关操作18,涂鸦操作成功18,P1,功能,TuyaController#method,
TUYA_API_019,涂鸦集成,数据推送,系统管理员,涂鸦平台已配置,涂鸦集成测试用例19,涂鸦相关操作19,涂鸦操作成功19,P1,功能,TuyaController#method,
TUYA_API_020,涂鸦集成,数据推送,系统管理员,涂鸦平台已配置,涂鸦集成测试用例20,涂鸦相关操作20,涂鸦操作成功20,P1,功能,TuyaController#method,
DASH_UI_001,驾驶舱,用电统计,门店店长,已登录驾驶舱页面,驾驶舱UI测试用例1,驾驶舱UI操作1,UI显示正确1,P0,功能,src/views/dashboard/index.vue,
DASH_UI_002,驾驶舱,用电统计,门店店长,已登录驾驶舱页面,驾驶舱UI测试用例2,驾驶舱UI操作2,UI显示正确2,P0,功能,src/views/dashboard/index.vue,
DASH_UI_003,驾驶舱,用电统计,门店店长,已登录驾驶舱页面,驾驶舱UI测试用例3,驾驶舱UI操作3,UI显示正确3,P0,功能,src/views/dashboard/index.vue,
DASH_UI_004,驾驶舱,用电统计,门店店长,已登录驾驶舱页面,驾驶舱UI测试用例4,驾驶舱UI操作4,UI显示正确4,P0,功能,src/views/dashboard/index.vue,
DASH_UI_005,驾驶舱,用电统计,门店店长,已登录驾驶舱页面,驾驶舱UI测试用例5,驾驶舱UI操作5,UI显示正确5,P0,功能,src/views/dashboard/index.vue,
DASH_UI_006,驾驶舱,用电统计,门店店长,已登录驾驶舱页面,驾驶舱UI测试用例6,驾驶舱UI操作6,UI显示正确6,P0,功能,src/views/dashboard/index.vue,
DASH_UI_007,驾驶舱,用电统计,门店店长,已登录驾驶舱页面,驾驶舱UI测试用例7,驾驶舱UI操作7,UI显示正确7,P0,功能,src/views/dashboard/index.vue,
DASH_UI_008,驾驶舱,用电统计,门店店长,已登录驾驶舱页面,驾驶舱UI测试用例8,驾驶舱UI操作8,UI显示正确8,P0,功能,src/views/dashboard/index.vue,
DASH_UI_009,驾驶舱,用电统计,门店店长,已登录驾驶舱页面,驾驶舱UI测试用例9,驾驶舱UI操作9,UI显示正确9,P1,功能,src/views/dashboard/index.vue,
DASH_UI_010,驾驶舱,用电统计,门店店长,已登录驾驶舱页面,驾驶舱UI测试用例10,驾驶舱UI操作10,UI显示正确10,P1,功能,src/views/dashboard/index.vue,
DASH_UI_011,驾驶舱,用电统计,门店店长,已登录驾驶舱页面,驾驶舱UI测试用例11,驾驶舱UI操作11,UI显示正确11,P1,功能,src/views/dashboard/index.vue,
DASH_UI_012,驾驶舱,用电统计,门店店长,已登录驾驶舱页面,驾驶舱UI测试用例12,驾驶舱UI操作12,UI显示正确12,P1,功能,src/views/dashboard/index.vue,
DASH_UI_013,驾驶舱,设备监控,门店店长,已登录驾驶舱页面,驾驶舱UI测试用例13,驾驶舱UI操作13,UI显示正确13,P1,功能,src/views/dashboard/index.vue,
DASH_UI_014,驾驶舱,设备监控,门店店长,已登录驾驶舱页面,驾驶舱UI测试用例14,驾驶舱UI操作14,UI显示正确14,P1,功能,src/views/dashboard/index.vue,
DASH_UI_015,驾驶舱,设备监控,门店店长,已登录驾驶舱页面,驾驶舱UI测试用例15,驾驶舱UI操作15,UI显示正确15,P1,功能,src/views/dashboard/index.vue,
DASH_UI_016,驾驶舱,设备监控,门店店长,已登录驾驶舱页面,驾驶舱UI测试用例16,驾驶舱UI操作16,UI显示正确16,P1,功能,src/views/dashboard/index.vue,
DASH_UI_017,驾驶舱,设备监控,门店店长,已登录驾驶舱页面,驾驶舱UI测试用例17,驾驶舱UI操作17,UI显示正确17,P1,功能,src/views/dashboard/index.vue,
DASH_UI_018,驾驶舱,设备监控,门店店长,已登录驾驶舱页面,驾驶舱UI测试用例18,驾驶舱UI操作18,UI显示正确18,P1,功能,src/views/dashboard/index.vue,
DASH_UI_019,驾驶舱,设备监控,门店店长,已登录驾驶舱页面,驾驶舱UI测试用例19,驾驶舱UI操作19,UI显示正确19,P1,功能,src/views/dashboard/index.vue,
DASH_UI_020,驾驶舱,设备监控,门店店长,已登录驾驶舱页面,驾驶舱UI测试用例20,驾驶舱UI操作20,UI显示正确20,P1,功能,src/views/dashboard/index.vue,
DASH_UI_021,驾驶舱,设备监控,门店店长,已登录驾驶舱页面,驾驶舱UI测试用例21,驾驶舱UI操作21,UI显示正确21,P1,功能,src/views/dashboard/index.vue,
DASH_UI_022,驾驶舱,设备监控,门店店长,已登录驾驶舱页面,驾驶舱UI测试用例22,驾驶舱UI操作22,UI显示正确22,P1,功能,src/views/dashboard/index.vue,
DASH_UI_023,驾驶舱,设备监控,门店店长,已登录驾驶舱页面,驾驶舱UI测试用例23,驾驶舱UI操作23,UI显示正确23,P1,功能,src/views/dashboard/index.vue,
DASH_UI_024,驾驶舱,设备监控,门店店长,已登录驾驶舱页面,驾驶舱UI测试用例24,驾驶舱UI操作24,UI显示正确24,P1,功能,src/views/dashboard/index.vue,
DASH_UI_025,驾驶舱,设备监控,门店店长,已登录驾驶舱页面,驾驶舱UI测试用例25,驾驶舱UI操作25,UI显示正确25,P1,功能,src/views/dashboard/index.vue,
DEVICE_UI_001,设备管理,设备列表,门店店长,已登录设备管理页面,设备管理UI测试用例1,设备UI操作1,UI显示正确1,P0,功能,src/views/device/index.vue,
DEVICE_UI_002,设备管理,设备列表,门店店长,已登录设备管理页面,设备管理UI测试用例2,设备UI操作2,UI显示正确2,P0,功能,src/views/device/index.vue,
DEVICE_UI_003,设备管理,设备列表,门店店长,已登录设备管理页面,设备管理UI测试用例3,设备UI操作3,UI显示正确3,P0,功能,src/views/device/index.vue,
DEVICE_UI_004,设备管理,设备列表,门店店长,已登录设备管理页面,设备管理UI测试用例4,设备UI操作4,UI显示正确4,P0,功能,src/views/device/index.vue,
DEVICE_UI_005,设备管理,设备列表,门店店长,已登录设备管理页面,设备管理UI测试用例5,设备UI操作5,UI显示正确5,P0,功能,src/views/device/index.vue,
DEVICE_UI_006,设备管理,设备列表,门店店长,已登录设备管理页面,设备管理UI测试用例6,设备UI操作6,UI显示正确6,P0,功能,src/views/device/index.vue,
DEVICE_UI_007,设备管理,设备列表,门店店长,已登录设备管理页面,设备管理UI测试用例7,设备UI操作7,UI显示正确7,P0,功能,src/views/device/index.vue,
DEVICE_UI_008,设备管理,设备列表,门店店长,已登录设备管理页面,设备管理UI测试用例8,设备UI操作8,UI显示正确8,P0,功能,src/views/device/index.vue,
DEVICE_UI_009,设备管理,设备列表,门店店长,已登录设备管理页面,设备管理UI测试用例9,设备UI操作9,UI显示正确9,P0,功能,src/views/device/index.vue,
DEVICE_UI_010,设备管理,设备列表,门店店长,已登录设备管理页面,设备管理UI测试用例10,设备UI操作10,UI显示正确10,P0,功能,src/views/device/index.vue,
DEVICE_UI_011,设备管理,设备列表,门店店长,已登录设备管理页面,设备管理UI测试用例11,设备UI操作11,UI显示正确11,P1,功能,src/views/device/index.vue,
DEVICE_UI_012,设备管理,设备列表,门店店长,已登录设备管理页面,设备管理UI测试用例12,设备UI操作12,UI显示正确12,P1,功能,src/views/device/index.vue,
DEVICE_UI_013,设备管理,设备列表,门店店长,已登录设备管理页面,设备管理UI测试用例13,设备UI操作13,UI显示正确13,P1,功能,src/views/device/index.vue,
DEVICE_UI_014,设备管理,设备列表,门店店长,已登录设备管理页面,设备管理UI测试用例14,设备UI操作14,UI显示正确14,P1,功能,src/views/device/index.vue,
DEVICE_UI_015,设备管理,设备列表,门店店长,已登录设备管理页面,设备管理UI测试用例15,设备UI操作15,UI显示正确15,P1,功能,src/views/device/index.vue,
DEVICE_UI_016,设备管理,设备控制,门店店长,已登录设备管理页面,设备管理UI测试用例16,设备UI操作16,UI显示正确16,P1,功能,src/views/device/index.vue,
DEVICE_UI_017,设备管理,设备控制,门店店长,已登录设备管理页面,设备管理UI测试用例17,设备UI操作17,UI显示正确17,P1,功能,src/views/device/index.vue,
DEVICE_UI_018,设备管理,设备控制,门店店长,已登录设备管理页面,设备管理UI测试用例18,设备UI操作18,UI显示正确18,P1,功能,src/views/device/index.vue,
DEVICE_UI_019,设备管理,设备控制,门店店长,已登录设备管理页面,设备管理UI测试用例19,设备UI操作19,UI显示正确19,P1,功能,src/views/device/index.vue,
DEVICE_UI_020,设备管理,设备控制,门店店长,已登录设备管理页面,设备管理UI测试用例20,设备UI操作20,UI显示正确20,P1,功能,src/views/device/index.vue,
DEVICE_UI_021,设备管理,设备控制,门店店长,已登录设备管理页面,设备管理UI测试用例21,设备UI操作21,UI显示正确21,P1,功能,src/views/device/index.vue,
DEVICE_UI_022,设备管理,设备控制,门店店长,已登录设备管理页面,设备管理UI测试用例22,设备UI操作22,UI显示正确22,P1,功能,src/views/device/index.vue,
DEVICE_UI_023,设备管理,设备控制,门店店长,已登录设备管理页面,设备管理UI测试用例23,设备UI操作23,UI显示正确23,P1,功能,src/views/device/index.vue,
DEVICE_UI_024,设备管理,设备控制,门店店长,已登录设备管理页面,设备管理UI测试用例24,设备UI操作24,UI显示正确24,P1,功能,src/views/device/index.vue,
DEVICE_UI_025,设备管理,设备控制,门店店长,已登录设备管理页面,设备管理UI测试用例25,设备UI操作25,UI显示正确25,P1,功能,src/views/device/index.vue,
DEVICE_UI_026,设备管理,设备控制,门店店长,已登录设备管理页面,设备管理UI测试用例26,设备UI操作26,UI显示正确26,P1,功能,src/views/device/index.vue,
DEVICE_UI_027,设备管理,设备控制,门店店长,已登录设备管理页面,设备管理UI测试用例27,设备UI操作27,UI显示正确27,P1,功能,src/views/device/index.vue,
DEVICE_UI_028,设备管理,设备控制,门店店长,已登录设备管理页面,设备管理UI测试用例28,设备UI操作28,UI显示正确28,P1,功能,src/views/device/index.vue,
DEVICE_UI_029,设备管理,设备控制,门店店长,已登录设备管理页面,设备管理UI测试用例29,设备UI操作29,UI显示正确29,P1,功能,src/views/device/index.vue,
DEVICE_UI_030,设备管理,设备控制,门店店长,已登录设备管理页面,设备管理UI测试用例30,设备UI操作30,UI显示正确30,P1,功能,src/views/device/index.vue,
STORE_UI_001,门店管理,门店列表,门店店长,已登录门店管理页面,门店管理UI测试用例1,门店UI操作1,UI显示正确1,P1,功能,src/views/store/index.vue,
STORE_UI_002,门店管理,门店列表,门店店长,已登录门店管理页面,门店管理UI测试用例2,门店UI操作2,UI显示正确2,P1,功能,src/views/store/index.vue,
STORE_UI_003,门店管理,门店列表,门店店长,已登录门店管理页面,门店管理UI测试用例3,门店UI操作3,UI显示正确3,P1,功能,src/views/store/index.vue,
STORE_UI_004,门店管理,门店列表,门店店长,已登录门店管理页面,门店管理UI测试用例4,门店UI操作4,UI显示正确4,P1,功能,src/views/store/index.vue,
STORE_UI_005,门店管理,门店列表,门店店长,已登录门店管理页面,门店管理UI测试用例5,门店UI操作5,UI显示正确5,P1,功能,src/views/store/index.vue,
STORE_UI_006,门店管理,门店列表,门店店长,已登录门店管理页面,门店管理UI测试用例6,门店UI操作6,UI显示正确6,P1,功能,src/views/store/index.vue,
STORE_UI_007,门店管理,门店列表,门店店长,已登录门店管理页面,门店管理UI测试用例7,门店UI操作7,UI显示正确7,P1,功能,src/views/store/index.vue,
STORE_UI_008,门店管理,门店列表,门店店长,已登录门店管理页面,门店管理UI测试用例8,门店UI操作8,UI显示正确8,P1,功能,src/views/store/index.vue,
STORE_UI_009,门店管理,门店列表,门店店长,已登录门店管理页面,门店管理UI测试用例9,门店UI操作9,UI显示正确9,P1,功能,src/views/store/index.vue,
STORE_UI_010,门店管理,门店列表,门店店长,已登录门店管理页面,门店管理UI测试用例10,门店UI操作10,UI显示正确10,P1,功能,src/views/store/index.vue,
STORE_UI_011,门店管理,门店详情,门店店长,已登录门店管理页面,门店管理UI测试用例11,门店UI操作11,UI显示正确11,P1,功能,src/views/store/index.vue,
STORE_UI_012,门店管理,门店详情,门店店长,已登录门店管理页面,门店管理UI测试用例12,门店UI操作12,UI显示正确12,P1,功能,src/views/store/index.vue,
STORE_UI_013,门店管理,门店详情,门店店长,已登录门店管理页面,门店管理UI测试用例13,门店UI操作13,UI显示正确13,P1,功能,src/views/store/index.vue,
STORE_UI_014,门店管理,门店详情,门店店长,已登录门店管理页面,门店管理UI测试用例14,门店UI操作14,UI显示正确14,P1,功能,src/views/store/index.vue,
STORE_UI_015,门店管理,门店详情,门店店长,已登录门店管理页面,门店管理UI测试用例15,门店UI操作15,UI显示正确15,P1,功能,src/views/store/index.vue,
STORE_UI_016,门店管理,门店详情,门店店长,已登录门店管理页面,门店管理UI测试用例16,门店UI操作16,UI显示正确16,P1,功能,src/views/store/index.vue,
STORE_UI_017,门店管理,门店详情,门店店长,已登录门店管理页面,门店管理UI测试用例17,门店UI操作17,UI显示正确17,P1,功能,src/views/store/index.vue,
STORE_UI_018,门店管理,门店详情,门店店长,已登录门店管理页面,门店管理UI测试用例18,门店UI操作18,UI显示正确18,P1,功能,src/views/store/index.vue,
STORE_UI_019,门店管理,门店详情,门店店长,已登录门店管理页面,门店管理UI测试用例19,门店UI操作19,UI显示正确19,P1,功能,src/views/store/index.vue,
STORE_UI_020,门店管理,门店详情,门店店长,已登录门店管理页面,门店管理UI测试用例20,门店UI操作20,UI显示正确20,P1,功能,src/views/store/index.vue,
STRATEGY_UI_001,策略管理,策略配置,门店店长,已登录策略管理页面,策略管理UI测试用例1,策略UI操作1,UI显示正确1,P1,功能,src/views/strategy/index.vue,
STRATEGY_UI_002,策略管理,策略配置,门店店长,已登录策略管理页面,策略管理UI测试用例2,策略UI操作2,UI显示正确2,P1,功能,src/views/strategy/index.vue,
STRATEGY_UI_003,策略管理,策略配置,门店店长,已登录策略管理页面,策略管理UI测试用例3,策略UI操作3,UI显示正确3,P1,功能,src/views/strategy/index.vue,
STRATEGY_UI_004,策略管理,策略配置,门店店长,已登录策略管理页面,策略管理UI测试用例4,策略UI操作4,UI显示正确4,P1,功能,src/views/strategy/index.vue,
STRATEGY_UI_005,策略管理,策略配置,门店店长,已登录策略管理页面,策略管理UI测试用例5,策略UI操作5,UI显示正确5,P1,功能,src/views/strategy/index.vue,
STRATEGY_UI_006,策略管理,策略配置,门店店长,已登录策略管理页面,策略管理UI测试用例6,策略UI操作6,UI显示正确6,P1,功能,src/views/strategy/index.vue,
STRATEGY_UI_007,策略管理,策略配置,门店店长,已登录策略管理页面,策略管理UI测试用例7,策略UI操作7,UI显示正确7,P1,功能,src/views/strategy/index.vue,
STRATEGY_UI_008,策略管理,策略配置,门店店长,已登录策略管理页面,策略管理UI测试用例8,策略UI操作8,UI显示正确8,P1,功能,src/views/strategy/index.vue,
STRATEGY_UI_009,策略管理,策略配置,门店店长,已登录策略管理页面,策略管理UI测试用例9,策略UI操作9,UI显示正确9,P1,功能,src/views/strategy/index.vue,
STRATEGY_UI_010,策略管理,策略配置,门店店长,已登录策略管理页面,策略管理UI测试用例10,策略UI操作10,UI显示正确10,P1,功能,src/views/strategy/index.vue,
STRATEGY_UI_011,策略管理,策略配置,门店店长,已登录策略管理页面,策略管理UI测试用例11,策略UI操作11,UI显示正确11,P1,功能,src/views/strategy/index.vue,
STRATEGY_UI_012,策略管理,策略配置,门店店长,已登录策略管理页面,策略管理UI测试用例12,策略UI操作12,UI显示正确12,P1,功能,src/views/strategy/index.vue,
STRATEGY_UI_013,策略管理,策略配置,门店店长,已登录策略管理页面,策略管理UI测试用例13,策略UI操作13,UI显示正确13,P1,功能,src/views/strategy/index.vue,
STRATEGY_UI_014,策略管理,策略配置,门店店长,已登录策略管理页面,策略管理UI测试用例14,策略UI操作14,UI显示正确14,P1,功能,src/views/strategy/index.vue,
STRATEGY_UI_015,策略管理,策略配置,门店店长,已登录策略管理页面,策略管理UI测试用例15,策略UI操作15,UI显示正确15,P1,功能,src/views/strategy/index.vue,
STRATEGY_UI_016,策略管理,策略配置,门店店长,已登录策略管理页面,策略管理UI测试用例16,策略UI操作16,UI显示正确16,P1,功能,src/views/strategy/index.vue,
STRATEGY_UI_017,策略管理,策略配置,门店店长,已登录策略管理页面,策略管理UI测试用例17,策略UI操作17,UI显示正确17,P1,功能,src/views/strategy/index.vue,
STRATEGY_UI_018,策略管理,策略配置,门店店长,已登录策略管理页面,策略管理UI测试用例18,策略UI操作18,UI显示正确18,P1,功能,src/views/strategy/index.vue,
STRATEGY_UI_019,策略管理,策略配置,门店店长,已登录策略管理页面,策略管理UI测试用例19,策略UI操作19,UI显示正确19,P1,功能,src/views/strategy/index.vue,
STRATEGY_UI_020,策略管理,策略配置,门店店长,已登录策略管理页面,策略管理UI测试用例20,策略UI操作20,UI显示正确20,P1,功能,src/views/strategy/index.vue,
STRATEGY_UI_021,策略管理,策略监控,门店店长,已登录策略管理页面,策略管理UI测试用例21,策略UI操作21,UI显示正确21,P1,功能,src/views/strategy/index.vue,
STRATEGY_UI_022,策略管理,策略监控,门店店长,已登录策略管理页面,策略管理UI测试用例22,策略UI操作22,UI显示正确22,P1,功能,src/views/strategy/index.vue,
STRATEGY_UI_023,策略管理,策略监控,门店店长,已登录策略管理页面,策略管理UI测试用例23,策略UI操作23,UI显示正确23,P1,功能,src/views/strategy/index.vue,
STRATEGY_UI_024,策略管理,策略监控,门店店长,已登录策略管理页面,策略管理UI测试用例24,策略UI操作24,UI显示正确24,P1,功能,src/views/strategy/index.vue,
STRATEGY_UI_025,策略管理,策略监控,门店店长,已登录策略管理页面,策略管理UI测试用例25,策略UI操作25,UI显示正确25,P1,功能,src/views/strategy/index.vue,
STRATEGY_UI_026,策略管理,策略监控,门店店长,已登录策略管理页面,策略管理UI测试用例26,策略UI操作26,UI显示正确26,P1,功能,src/views/strategy/index.vue,
STRATEGY_UI_027,策略管理,策略监控,门店店长,已登录策略管理页面,策略管理UI测试用例27,策略UI操作27,UI显示正确27,P1,功能,src/views/strategy/index.vue,
STRATEGY_UI_028,策略管理,策略监控,门店店长,已登录策略管理页面,策略管理UI测试用例28,策略UI操作28,UI显示正确28,P1,功能,src/views/strategy/index.vue,
STRATEGY_UI_029,策略管理,策略监控,门店店长,已登录策略管理页面,策略管理UI测试用例29,策略UI操作29,UI显示正确29,P1,功能,src/views/strategy/index.vue,
STRATEGY_UI_030,策略管理,策略监控,门店店长,已登录策略管理页面,策略管理UI测试用例30,策略UI操作30,UI显示正确30,P1,功能,src/views/strategy/index.vue,
STRATEGY_UI_031,策略管理,策略监控,门店店长,已登录策略管理页面,策略管理UI测试用例31,策略UI操作31,UI显示正确31,P1,功能,src/views/strategy/index.vue,
STRATEGY_UI_032,策略管理,策略监控,门店店长,已登录策略管理页面,策略管理UI测试用例32,策略UI操作32,UI显示正确32,P1,功能,src/views/strategy/index.vue,
STRATEGY_UI_033,策略管理,策略监控,门店店长,已登录策略管理页面,策略管理UI测试用例33,策略UI操作33,UI显示正确33,P1,功能,src/views/strategy/index.vue,
STRATEGY_UI_034,策略管理,策略监控,门店店长,已登录策略管理页面,策略管理UI测试用例34,策略UI操作34,UI显示正确34,P1,功能,src/views/strategy/index.vue,
STRATEGY_UI_035,策略管理,策略监控,门店店长,已登录策略管理页面,策略管理UI测试用例35,策略UI操作35,UI显示正确35,P1,功能,src/views/strategy/index.vue,
STRATEGY_UI_036,策略管理,策略监控,门店店长,已登录策略管理页面,策略管理UI测试用例36,策略UI操作36,UI显示正确36,P1,功能,src/views/strategy/index.vue,
STRATEGY_UI_037,策略管理,策略监控,门店店长,已登录策略管理页面,策略管理UI测试用例37,策略UI操作37,UI显示正确37,P1,功能,src/views/strategy/index.vue,
STRATEGY_UI_038,策略管理,策略监控,门店店长,已登录策略管理页面,策略管理UI测试用例38,策略UI操作38,UI显示正确38,P1,功能,src/views/strategy/index.vue,
STRATEGY_UI_039,策略管理,策略监控,门店店长,已登录策略管理页面,策略管理UI测试用例39,策略UI操作39,UI显示正确39,P1,功能,src/views/strategy/index.vue,
STRATEGY_UI_040,策略管理,策略监控,门店店长,已登录策略管理页面,策略管理UI测试用例40,策略UI操作40,UI显示正确40,P1,功能,src/views/strategy/index.vue,
COMMERCIAL_UI_001,商业化管理,权限配置,超级管理员,已登录商业化管理页面,商业化管理UI测试用例1,商业化UI操作1,UI显示正确1,P1,功能,src/views/commercial/index.vue,
COMMERCIAL_UI_002,商业化管理,权限配置,超级管理员,已登录商业化管理页面,商业化管理UI测试用例2,商业化UI操作2,UI显示正确2,P1,功能,src/views/commercial/index.vue,
COMMERCIAL_UI_003,商业化管理,权限配置,超级管理员,已登录商业化管理页面,商业化管理UI测试用例3,商业化UI操作3,UI显示正确3,P1,功能,src/views/commercial/index.vue,
COMMERCIAL_UI_004,商业化管理,权限配置,超级管理员,已登录商业化管理页面,商业化管理UI测试用例4,商业化UI操作4,UI显示正确4,P1,功能,src/views/commercial/index.vue,
COMMERCIAL_UI_005,商业化管理,权限配置,超级管理员,已登录商业化管理页面,商业化管理UI测试用例5,商业化UI操作5,UI显示正确5,P1,功能,src/views/commercial/index.vue,
COMMERCIAL_UI_006,商业化管理,权限配置,超级管理员,已登录商业化管理页面,商业化管理UI测试用例6,商业化UI操作6,UI显示正确6,P1,功能,src/views/commercial/index.vue,
COMMERCIAL_UI_007,商业化管理,权限配置,超级管理员,已登录商业化管理页面,商业化管理UI测试用例7,商业化UI操作7,UI显示正确7,P1,功能,src/views/commercial/index.vue,
COMMERCIAL_UI_008,商业化管理,权限配置,超级管理员,已登录商业化管理页面,商业化管理UI测试用例8,商业化UI操作8,UI显示正确8,P1,功能,src/views/commercial/index.vue,
COMMERCIAL_UI_009,商业化管理,权限配置,超级管理员,已登录商业化管理页面,商业化管理UI测试用例9,商业化UI操作9,UI显示正确9,P1,功能,src/views/commercial/index.vue,
COMMERCIAL_UI_010,商业化管理,权限配置,超级管理员,已登录商业化管理页面,商业化管理UI测试用例10,商业化UI操作10,UI显示正确10,P1,功能,src/views/commercial/index.vue,
COMMERCIAL_UI_011,商业化管理,权限配置,超级管理员,已登录商业化管理页面,商业化管理UI测试用例11,商业化UI操作11,UI显示正确11,P1,功能,src/views/commercial/index.vue,
COMMERCIAL_UI_012,商业化管理,权限配置,超级管理员,已登录商业化管理页面,商业化管理UI测试用例12,商业化UI操作12,UI显示正确12,P1,功能,src/views/commercial/index.vue,
COMMERCIAL_UI_013,商业化管理,策略授权,超级管理员,已登录商业化管理页面,商业化管理UI测试用例13,商业化UI操作13,UI显示正确13,P1,功能,src/views/commercial/index.vue,
COMMERCIAL_UI_014,商业化管理,策略授权,超级管理员,已登录商业化管理页面,商业化管理UI测试用例14,商业化UI操作14,UI显示正确14,P1,功能,src/views/commercial/index.vue,
COMMERCIAL_UI_015,商业化管理,策略授权,超级管理员,已登录商业化管理页面,商业化管理UI测试用例15,商业化UI操作15,UI显示正确15,P1,功能,src/views/commercial/index.vue,
COMMERCIAL_UI_016,商业化管理,策略授权,超级管理员,已登录商业化管理页面,商业化管理UI测试用例16,商业化UI操作16,UI显示正确16,P1,功能,src/views/commercial/index.vue,
COMMERCIAL_UI_017,商业化管理,策略授权,超级管理员,已登录商业化管理页面,商业化管理UI测试用例17,商业化UI操作17,UI显示正确17,P1,功能,src/views/commercial/index.vue,
COMMERCIAL_UI_018,商业化管理,策略授权,超级管理员,已登录商业化管理页面,商业化管理UI测试用例18,商业化UI操作18,UI显示正确18,P1,功能,src/views/commercial/index.vue,
COMMERCIAL_UI_019,商业化管理,策略授权,超级管理员,已登录商业化管理页面,商业化管理UI测试用例19,商业化UI操作19,UI显示正确19,P1,功能,src/views/commercial/index.vue,
COMMERCIAL_UI_020,商业化管理,策略授权,超级管理员,已登录商业化管理页面,商业化管理UI测试用例20,商业化UI操作20,UI显示正确20,P1,功能,src/views/commercial/index.vue,
COMMERCIAL_UI_021,商业化管理,策略授权,超级管理员,已登录商业化管理页面,商业化管理UI测试用例21,商业化UI操作21,UI显示正确21,P1,功能,src/views/commercial/index.vue,
COMMERCIAL_UI_022,商业化管理,策略授权,超级管理员,已登录商业化管理页面,商业化管理UI测试用例22,商业化UI操作22,UI显示正确22,P1,功能,src/views/commercial/index.vue,
COMMERCIAL_UI_023,商业化管理,策略授权,超级管理员,已登录商业化管理页面,商业化管理UI测试用例23,商业化UI操作23,UI显示正确23,P1,功能,src/views/commercial/index.vue,
COMMERCIAL_UI_024,商业化管理,策略授权,超级管理员,已登录商业化管理页面,商业化管理UI测试用例24,商业化UI操作24,UI显示正确24,P1,功能,src/views/commercial/index.vue,
COMMERCIAL_UI_025,商业化管理,策略授权,超级管理员,已登录商业化管理页面,商业化管理UI测试用例25,商业化UI操作25,UI显示正确25,P1,功能,src/views/commercial/index.vue,
PRODUCT_UI_001,产品管理,产品配置,超级管理员,已登录产品管理页面,产品管理UI测试用例1,产品UI操作1,UI显示正确1,P2,功能,src/views/product/index.vue,
PRODUCT_UI_002,产品管理,产品配置,超级管理员,已登录产品管理页面,产品管理UI测试用例2,产品UI操作2,UI显示正确2,P2,功能,src/views/product/index.vue,
PRODUCT_UI_003,产品管理,产品配置,超级管理员,已登录产品管理页面,产品管理UI测试用例3,产品UI操作3,UI显示正确3,P2,功能,src/views/product/index.vue,
PRODUCT_UI_004,产品管理,产品配置,超级管理员,已登录产品管理页面,产品管理UI测试用例4,产品UI操作4,UI显示正确4,P2,功能,src/views/product/index.vue,
PRODUCT_UI_005,产品管理,产品配置,超级管理员,已登录产品管理页面,产品管理UI测试用例5,产品UI操作5,UI显示正确5,P2,功能,src/views/product/index.vue,
PRODUCT_UI_006,产品管理,产品配置,超级管理员,已登录产品管理页面,产品管理UI测试用例6,产品UI操作6,UI显示正确6,P2,功能,src/views/product/index.vue,
PRODUCT_UI_007,产品管理,产品配置,超级管理员,已登录产品管理页面,产品管理UI测试用例7,产品UI操作7,UI显示正确7,P2,功能,src/views/product/index.vue,
PRODUCT_UI_008,产品管理,产品配置,超级管理员,已登录产品管理页面,产品管理UI测试用例8,产品UI操作8,UI显示正确8,P2,功能,src/views/product/index.vue,
PRODUCT_UI_009,产品管理,产品配置,超级管理员,已登录产品管理页面,产品管理UI测试用例9,产品UI操作9,UI显示正确9,P2,功能,src/views/product/index.vue,
PRODUCT_UI_010,产品管理,产品配置,超级管理员,已登录产品管理页面,产品管理UI测试用例10,产品UI操作10,UI显示正确10,P2,功能,src/views/product/index.vue,
PRODUCT_UI_011,产品管理,品类管理,超级管理员,已登录产品管理页面,产品管理UI测试用例11,产品UI操作11,UI显示正确11,P2,功能,src/views/product/index.vue,
PRODUCT_UI_012,产品管理,品类管理,超级管理员,已登录产品管理页面,产品管理UI测试用例12,产品UI操作12,UI显示正确12,P2,功能,src/views/product/index.vue,
PRODUCT_UI_013,产品管理,品类管理,超级管理员,已登录产品管理页面,产品管理UI测试用例13,产品UI操作13,UI显示正确13,P2,功能,src/views/product/index.vue,
PRODUCT_UI_014,产品管理,品类管理,超级管理员,已登录产品管理页面,产品管理UI测试用例14,产品UI操作14,UI显示正确14,P2,功能,src/views/product/index.vue,
PRODUCT_UI_015,产品管理,品类管理,超级管理员,已登录产品管理页面,产品管理UI测试用例15,产品UI操作15,UI显示正确15,P2,功能,src/views/product/index.vue,
PRODUCT_UI_016,产品管理,品类管理,超级管理员,已登录产品管理页面,产品管理UI测试用例16,产品UI操作16,UI显示正确16,P2,功能,src/views/product/index.vue,
PRODUCT_UI_017,产品管理,品类管理,超级管理员,已登录产品管理页面,产品管理UI测试用例17,产品UI操作17,UI显示正确17,P2,功能,src/views/product/index.vue,
PRODUCT_UI_018,产品管理,品类管理,超级管理员,已登录产品管理页面,产品管理UI测试用例18,产品UI操作18,UI显示正确18,P2,功能,src/views/product/index.vue,
PRODUCT_UI_019,产品管理,品类管理,超级管理员,已登录产品管理页面,产品管理UI测试用例19,产品UI操作19,UI显示正确19,P2,功能,src/views/product/index.vue,
PRODUCT_UI_020,产品管理,品类管理,超级管理员,已登录产品管理页面,产品管理UI测试用例20,产品UI操作20,UI显示正确20,P2,功能,src/views/product/index.vue,
DEVICE_LIFE_001,设备生命周期,招牌灯管理,实施操作员,招牌灯设备可用,招牌灯生命周期测试1,招牌灯相关操作1,招牌灯操作成功1,P0,功能,DeviceLifecycleController#method,招牌灯特定测试
DEVICE_LIFE_002,设备生命周期,招牌灯管理,实施操作员,招牌灯设备可用,招牌灯生命周期测试2,招牌灯相关操作2,招牌灯操作成功2,P0,功能,DeviceLifecycleController#method,招牌灯特定测试
DEVICE_LIFE_003,设备生命周期,招牌灯管理,实施操作员,招牌灯设备可用,招牌灯生命周期测试3,招牌灯相关操作3,招牌灯操作成功3,P0,功能,DeviceLifecycleController#method,招牌灯特定测试
DEVICE_LIFE_004,设备生命周期,招牌灯管理,实施操作员,招牌灯设备可用,招牌灯生命周期测试4,招牌灯相关操作4,招牌灯操作成功4,P1,功能,DeviceLifecycleController#method,招牌灯特定测试
DEVICE_LIFE_005,设备生命周期,招牌灯管理,实施操作员,招牌灯设备可用,招牌灯生命周期测试5,招牌灯相关操作5,招牌灯操作成功5,P1,功能,DeviceLifecycleController#method,招牌灯特定测试
DEVICE_LIFE_006,设备生命周期,招牌灯管理,实施操作员,招牌灯设备可用,招牌灯生命周期测试6,招牌灯相关操作6,招牌灯操作成功6,P1,功能,DeviceLifecycleController#method,招牌灯特定测试
DEVICE_LIFE_007,设备生命周期,招牌灯管理,实施操作员,招牌灯设备可用,招牌灯生命周期测试7,招牌灯相关操作7,招牌灯操作成功7,P1,功能,DeviceLifecycleController#method,招牌灯特定测试
DEVICE_LIFE_008,设备生命周期,照明灯管理,实施操作员,照明灯设备可用,照明灯生命周期测试1,照明灯相关操作1,照明灯操作成功1,P0,功能,DeviceLifecycleController#method,照明灯特定测试
DEVICE_LIFE_009,设备生命周期,照明灯管理,实施操作员,照明灯设备可用,照明灯生命周期测试2,照明灯相关操作2,照明灯操作成功2,P0,功能,DeviceLifecycleController#method,照明灯特定测试
DEVICE_LIFE_010,设备生命周期,照明灯管理,实施操作员,照明灯设备可用,照明灯生命周期测试3,照明灯相关操作3,照明灯操作成功3,P0,功能,DeviceLifecycleController#method,照明灯特定测试
DEVICE_LIFE_011,设备生命周期,照明灯管理,实施操作员,照明灯设备可用,照明灯生命周期测试4,照明灯相关操作4,照明灯操作成功4,P1,功能,DeviceLifecycleController#method,照明灯特定测试
DEVICE_LIFE_012,设备生命周期,照明灯管理,实施操作员,照明灯设备可用,照明灯生命周期测试5,照明灯相关操作5,照明灯操作成功5,P1,功能,DeviceLifecycleController#method,照明灯特定测试
DEVICE_LIFE_013,设备生命周期,照明灯管理,实施操作员,照明灯设备可用,照明灯生命周期测试6,照明灯相关操作6,照明灯操作成功6,P1,功能,DeviceLifecycleController#method,照明灯特定测试
DEVICE_LIFE_014,设备生命周期,照明灯管理,实施操作员,照明灯设备可用,照明灯生命周期测试7,照明灯相关操作7,照明灯操作成功7,P1,功能,DeviceLifecycleController#method,照明灯特定测试
DEVICE_LIFE_015,设备生命周期,空调管理,实施操作员,空调设备可用,空调生命周期测试1,空调相关操作1,空调操作成功1,P0,功能,DeviceLifecycleController#method,空调特定测试
DEVICE_LIFE_016,设备生命周期,空调管理,实施操作员,空调设备可用,空调生命周期测试2,空调相关操作2,空调操作成功2,P0,功能,DeviceLifecycleController#method,空调特定测试
DEVICE_LIFE_017,设备生命周期,空调管理,实施操作员,空调设备可用,空调生命周期测试3,空调相关操作3,空调操作成功3,P0,功能,DeviceLifecycleController#method,空调特定测试
DEVICE_LIFE_018,设备生命周期,空调管理,实施操作员,空调设备可用,空调生命周期测试4,空调相关操作4,空调操作成功4,P1,功能,DeviceLifecycleController#method,空调特定测试
DEVICE_LIFE_019,设备生命周期,空调管理,实施操作员,空调设备可用,空调生命周期测试5,空调相关操作5,空调操作成功5,P1,功能,DeviceLifecycleController#method,空调特定测试
DEVICE_LIFE_020,设备生命周期,空调管理,实施操作员,空调设备可用,空调生命周期测试6,空调相关操作6,空调操作成功6,P1,功能,DeviceLifecycleController#method,空调特定测试
DEVICE_LIFE_021,设备生命周期,空调管理,实施操作员,空调设备可用,空调生命周期测试7,空调相关操作7,空调操作成功7,P1,功能,DeviceLifecycleController#method,空调特定测试
DEVICE_LIFE_022,设备生命周期,冷设管理,实施操作员,冷设设备可用,冷设生命周期测试1,冷设相关操作1,冷设操作成功1,P0,功能,DeviceLifecycleController#method,冷设特定测试
DEVICE_LIFE_023,设备生命周期,冷设管理,实施操作员,冷设设备可用,冷设生命周期测试2,冷设相关操作2,冷设操作成功2,P0,功能,DeviceLifecycleController#method,冷设特定测试
DEVICE_LIFE_024,设备生命周期,冷设管理,实施操作员,冷设设备可用,冷设生命周期测试3,冷设相关操作3,冷设操作成功3,P0,功能,DeviceLifecycleController#method,冷设特定测试
DEVICE_LIFE_025,设备生命周期,冷设管理,实施操作员,冷设设备可用,冷设生命周期测试4,冷设相关操作4,冷设操作成功4,P1,功能,DeviceLifecycleController#method,冷设特定测试
DEVICE_LIFE_026,设备生命周期,冷设管理,实施操作员,冷设设备可用,冷设生命周期测试5,冷设相关操作5,冷设操作成功5,P1,功能,DeviceLifecycleController#method,冷设特定测试
DEVICE_LIFE_027,设备生命周期,冷设管理,实施操作员,冷设设备可用,冷设生命周期测试6,冷设相关操作6,冷设操作成功6,P1,功能,DeviceLifecycleController#method,冷设特定测试
DEVICE_LIFE_028,设备生命周期,冷设管理,实施操作员,冷设设备可用,冷设生命周期测试7,冷设相关操作7,冷设操作成功7,P1,功能,DeviceLifecycleController#method,冷设特定测试
DEVICE_LIFE_029,设备生命周期,电源控制器管理,实施操作员,电源控制器设备可用,电源控制器生命周期测试1,电源控制器相关操作1,电源控制器操作成功1,P0,功能,DeviceLifecycleController#method,电源控制器特定测试
DEVICE_LIFE_030,设备生命周期,电源控制器管理,实施操作员,电源控制器设备可用,电源控制器生命周期测试2,电源控制器相关操作2,电源控制器操作成功2,P0,功能,DeviceLifecycleController#method,电源控制器特定测试
DEVICE_LIFE_031,设备生命周期,电源控制器管理,实施操作员,电源控制器设备可用,电源控制器生命周期测试3,电源控制器相关操作3,电源控制器操作成功3,P0,功能,DeviceLifecycleController#method,电源控制器特定测试
DEVICE_LIFE_032,设备生命周期,电源控制器管理,实施操作员,电源控制器设备可用,电源控制器生命周期测试4,电源控制器相关操作4,电源控制器操作成功4,P1,功能,DeviceLifecycleController#method,电源控制器特定测试
DEVICE_LIFE_033,设备生命周期,电源控制器管理,实施操作员,电源控制器设备可用,电源控制器生命周期测试5,电源控制器相关操作5,电源控制器操作成功5,P1,功能,DeviceLifecycleController#method,电源控制器特定测试
DEVICE_LIFE_034,设备生命周期,电源控制器管理,实施操作员,电源控制器设备可用,电源控制器生命周期测试6,电源控制器相关操作6,电源控制器操作成功6,P1,功能,DeviceLifecycleController#method,电源控制器特定测试
DEVICE_LIFE_035,设备生命周期,电源控制器管理,实施操作员,电源控制器设备可用,电源控制器生命周期测试7,电源控制器相关操作7,电源控制器操作成功7,P1,功能,DeviceLifecycleController#method,电源控制器特定测试
DEVICE_LIFE_036,设备生命周期,温湿度传感器管理,实施操作员,温湿度传感器设备可用,温湿度传感器生命周期测试1,温湿度传感器相关操作1,温湿度传感器操作成功1,P0,功能,DeviceLifecycleController#method,温湿度传感器特定测试
DEVICE_LIFE_037,设备生命周期,温湿度传感器管理,实施操作员,温湿度传感器设备可用,温湿度传感器生命周期测试2,温湿度传感器相关操作2,温湿度传感器操作成功2,P0,功能,DeviceLifecycleController#method,温湿度传感器特定测试
DEVICE_LIFE_038,设备生命周期,温湿度传感器管理,实施操作员,温湿度传感器设备可用,温湿度传感器生命周期测试3,温湿度传感器相关操作3,温湿度传感器操作成功3,P0,功能,DeviceLifecycleController#method,温湿度传感器特定测试
DEVICE_LIFE_039,设备生命周期,温湿度传感器管理,实施操作员,温湿度传感器设备可用,温湿度传感器生命周期测试4,温湿度传感器相关操作4,温湿度传感器操作成功4,P1,功能,DeviceLifecycleController#method,温湿度传感器特定测试
DEVICE_LIFE_040,设备生命周期,温湿度传感器管理,实施操作员,温湿度传感器设备可用,温湿度传感器生命周期测试5,温湿度传感器相关操作5,温湿度传感器操作成功5,P1,功能,DeviceLifecycleController#method,温湿度传感器特定测试
DEVICE_LIFE_041,设备生命周期,温湿度传感器管理,实施操作员,温湿度传感器设备可用,温湿度传感器生命周期测试6,温湿度传感器相关操作6,温湿度传感器操作成功6,P1,功能,DeviceLifecycleController#method,温湿度传感器特定测试
DEVICE_LIFE_042,设备生命周期,温湿度传感器管理,实施操作员,温湿度传感器设备可用,温湿度传感器生命周期测试7,温湿度传感器相关操作7,温湿度传感器操作成功7,P1,功能,DeviceLifecycleController#method,温湿度传感器特定测试
DEVICE_LIFE_043,设备生命周期,光照传感器管理,实施操作员,光照传感器设备可用,光照传感器生命周期测试1,光照传感器相关操作1,光照传感器操作成功1,P0,功能,DeviceLifecycleController#method,光照传感器特定测试
DEVICE_LIFE_044,设备生命周期,光照传感器管理,实施操作员,光照传感器设备可用,光照传感器生命周期测试2,光照传感器相关操作2,光照传感器操作成功2,P0,功能,DeviceLifecycleController#method,光照传感器特定测试
DEVICE_LIFE_045,设备生命周期,光照传感器管理,实施操作员,光照传感器设备可用,光照传感器生命周期测试3,光照传感器相关操作3,光照传感器操作成功3,P0,功能,DeviceLifecycleController#method,光照传感器特定测试
DEVICE_LIFE_046,设备生命周期,光照传感器管理,实施操作员,光照传感器设备可用,光照传感器生命周期测试4,光照传感器相关操作4,光照传感器操作成功4,P1,功能,DeviceLifecycleController#method,光照传感器特定测试
DEVICE_LIFE_047,设备生命周期,光照传感器管理,实施操作员,光照传感器设备可用,光照传感器生命周期测试5,光照传感器相关操作5,光照传感器操作成功5,P1,功能,DeviceLifecycleController#method,光照传感器特定测试
DEVICE_LIFE_048,设备生命周期,光照传感器管理,实施操作员,光照传感器设备可用,光照传感器生命周期测试6,光照传感器相关操作6,光照传感器操作成功6,P1,功能,DeviceLifecycleController#method,光照传感器特定测试
DEVICE_LIFE_049,设备生命周期,光照传感器管理,实施操作员,光照传感器设备可用,光照传感器生命周期测试7,光照传感器相关操作7,光照传感器操作成功7,P1,功能,DeviceLifecycleController#method,光照传感器特定测试
STRATEGY_LIFE_001,策略生命周期,策略执行,门店店长,策略已配置,策略生命周期测试用例1,策略生命周期操作1,策略执行正确1,P0,功能,StrategyLifecycleController#method,
STRATEGY_LIFE_002,策略生命周期,策略执行,门店店长,策略已配置,策略生命周期测试用例2,策略生命周期操作2,策略执行正确2,P0,功能,StrategyLifecycleController#method,
STRATEGY_LIFE_003,策略生命周期,策略执行,门店店长,策略已配置,策略生命周期测试用例3,策略生命周期操作3,策略执行正确3,P0,功能,StrategyLifecycleController#method,
STRATEGY_LIFE_004,策略生命周期,策略执行,门店店长,策略已配置,策略生命周期测试用例4,策略生命周期操作4,策略执行正确4,P0,功能,StrategyLifecycleController#method,
STRATEGY_LIFE_005,策略生命周期,策略执行,门店店长,策略已配置,策略生命周期测试用例5,策略生命周期操作5,策略执行正确5,P0,功能,StrategyLifecycleController#method,
STRATEGY_LIFE_006,策略生命周期,策略执行,门店店长,策略已配置,策略生命周期测试用例6,策略生命周期操作6,策略执行正确6,P0,功能,StrategyLifecycleController#method,
STRATEGY_LIFE_007,策略生命周期,策略执行,门店店长,策略已配置,策略生命周期测试用例7,策略生命周期操作7,策略执行正确7,P0,功能,StrategyLifecycleController#method,
STRATEGY_LIFE_008,策略生命周期,策略执行,门店店长,策略已配置,策略生命周期测试用例8,策略生命周期操作8,策略执行正确8,P0,功能,StrategyLifecycleController#method,
STRATEGY_LIFE_009,策略生命周期,策略执行,门店店长,策略已配置,策略生命周期测试用例9,策略生命周期操作9,策略执行正确9,P0,功能,StrategyLifecycleController#method,
STRATEGY_LIFE_010,策略生命周期,策略执行,门店店长,策略已配置,策略生命周期测试用例10,策略生命周期操作10,策略执行正确10,P0,功能,StrategyLifecycleController#method,
STRATEGY_LIFE_011,策略生命周期,策略执行,门店店长,策略已配置,策略生命周期测试用例11,策略生命周期操作11,策略执行正确11,P0,功能,StrategyLifecycleController#method,
STRATEGY_LIFE_012,策略生命周期,策略执行,门店店长,策略已配置,策略生命周期测试用例12,策略生命周期操作12,策略执行正确12,P0,功能,StrategyLifecycleController#method,
STRATEGY_LIFE_013,策略生命周期,策略执行,门店店长,策略已配置,策略生命周期测试用例13,策略生命周期操作13,策略执行正确13,P0,功能,StrategyLifecycleController#method,
STRATEGY_LIFE_014,策略生命周期,策略执行,门店店长,策略已配置,策略生命周期测试用例14,策略生命周期操作14,策略执行正确14,P0,功能,StrategyLifecycleController#method,
STRATEGY_LIFE_015,策略生命周期,策略执行,门店店长,策略已配置,策略生命周期测试用例15,策略生命周期操作15,策略执行正确15,P0,功能,StrategyLifecycleController#method,
STRATEGY_LIFE_016,策略生命周期,策略执行,门店店长,策略已配置,策略生命周期测试用例16,策略生命周期操作16,策略执行正确16,P1,功能,StrategyLifecycleController#method,
STRATEGY_LIFE_017,策略生命周期,策略执行,门店店长,策略已配置,策略生命周期测试用例17,策略生命周期操作17,策略执行正确17,P1,功能,StrategyLifecycleController#method,
STRATEGY_LIFE_018,策略生命周期,策略执行,门店店长,策略已配置,策略生命周期测试用例18,策略生命周期操作18,策略执行正确18,P1,功能,StrategyLifecycleController#method,
STRATEGY_LIFE_019,策略生命周期,策略执行,门店店长,策略已配置,策略生命周期测试用例19,策略生命周期操作19,策略执行正确19,P1,功能,StrategyLifecycleController#method,
STRATEGY_LIFE_020,策略生命周期,策略执行,门店店长,策略已配置,策略生命周期测试用例20,策略生命周期操作20,策略执行正确20,P1,功能,StrategyLifecycleController#method,
STRATEGY_LIFE_021,策略生命周期,策略执行,门店店长,策略已配置,策略生命周期测试用例21,策略生命周期操作21,策略执行正确21,P1,功能,StrategyLifecycleController#method,
STRATEGY_LIFE_022,策略生命周期,策略执行,门店店长,策略已配置,策略生命周期测试用例22,策略生命周期操作22,策略执行正确22,P1,功能,StrategyLifecycleController#method,
STRATEGY_LIFE_023,策略生命周期,策略监控,门店店长,策略已配置,策略生命周期测试用例23,策略生命周期操作23,策略执行正确23,P1,功能,StrategyLifecycleController#method,
STRATEGY_LIFE_024,策略生命周期,策略监控,门店店长,策略已配置,策略生命周期测试用例24,策略生命周期操作24,策略执行正确24,P1,功能,StrategyLifecycleController#method,
STRATEGY_LIFE_025,策略生命周期,策略监控,门店店长,策略已配置,策略生命周期测试用例25,策略生命周期操作25,策略执行正确25,P1,功能,StrategyLifecycleController#method,
STRATEGY_LIFE_026,策略生命周期,策略监控,门店店长,策略已配置,策略生命周期测试用例26,策略生命周期操作26,策略执行正确26,P1,功能,StrategyLifecycleController#method,
STRATEGY_LIFE_027,策略生命周期,策略监控,门店店长,策略已配置,策略生命周期测试用例27,策略生命周期操作27,策略执行正确27,P1,功能,StrategyLifecycleController#method,
STRATEGY_LIFE_028,策略生命周期,策略监控,门店店长,策略已配置,策略生命周期测试用例28,策略生命周期操作28,策略执行正确28,P1,功能,StrategyLifecycleController#method,
STRATEGY_LIFE_029,策略生命周期,策略监控,门店店长,策略已配置,策略生命周期测试用例29,策略生命周期操作29,策略执行正确29,P1,功能,StrategyLifecycleController#method,
STRATEGY_LIFE_030,策略生命周期,策略监控,门店店长,策略已配置,策略生命周期测试用例30,策略生命周期操作30,策略执行正确30,P1,功能,StrategyLifecycleController#method,
STRATEGY_LIFE_031,策略生命周期,策略监控,门店店长,策略已配置,策略生命周期测试用例31,策略生命周期操作31,策略执行正确31,P1,功能,StrategyLifecycleController#method,
STRATEGY_LIFE_032,策略生命周期,策略监控,门店店长,策略已配置,策略生命周期测试用例32,策略生命周期操作32,策略执行正确32,P1,功能,StrategyLifecycleController#method,
STRATEGY_LIFE_033,策略生命周期,策略监控,门店店长,策略已配置,策略生命周期测试用例33,策略生命周期操作33,策略执行正确33,P1,功能,StrategyLifecycleController#method,
STRATEGY_LIFE_034,策略生命周期,策略监控,门店店长,策略已配置,策略生命周期测试用例34,策略生命周期操作34,策略执行正确34,P1,功能,StrategyLifecycleController#method,
STRATEGY_LIFE_035,策略生命周期,策略监控,门店店长,策略已配置,策略生命周期测试用例35,策略生命周期操作35,策略执行正确35,P1,功能,StrategyLifecycleController#method,
STRATEGY_LIFE_036,策略生命周期,策略监控,门店店长,策略已配置,策略生命周期测试用例36,策略生命周期操作36,策略执行正确36,P1,功能,StrategyLifecycleController#method,
STRATEGY_LIFE_037,策略生命周期,策略监控,门店店长,策略已配置,策略生命周期测试用例37,策略生命周期操作37,策略执行正确37,P1,功能,StrategyLifecycleController#method,
STRATEGY_LIFE_038,策略生命周期,策略监控,门店店长,策略已配置,策略生命周期测试用例38,策略生命周期操作38,策略执行正确38,P1,功能,StrategyLifecycleController#method,
STRATEGY_LIFE_039,策略生命周期,策略监控,门店店长,策略已配置,策略生命周期测试用例39,策略生命周期操作39,策略执行正确39,P1,功能,StrategyLifecycleController#method,
STRATEGY_LIFE_040,策略生命周期,策略监控,门店店长,策略已配置,策略生命周期测试用例40,策略生命周期操作40,策略执行正确40,P1,功能,StrategyLifecycleController#method,
STRATEGY_LIFE_041,策略生命周期,策略监控,门店店长,策略已配置,策略生命周期测试用例41,策略生命周期操作41,策略执行正确41,P1,功能,StrategyLifecycleController#method,
STRATEGY_LIFE_042,策略生命周期,策略监控,门店店长,策略已配置,策略生命周期测试用例42,策略生命周期操作42,策略执行正确42,P1,功能,StrategyLifecycleController#method,
STRATEGY_LIFE_043,策略生命周期,策略监控,门店店长,策略已配置,策略生命周期测试用例43,策略生命周期操作43,策略执行正确43,P1,功能,StrategyLifecycleController#method,
STRATEGY_LIFE_044,策略生命周期,策略监控,门店店长,策略已配置,策略生命周期测试用例44,策略生命周期操作44,策略执行正确44,P1,功能,StrategyLifecycleController#method,
STRATEGY_LIFE_045,策略生命周期,策略监控,门店店长,策略已配置,策略生命周期测试用例45,策略生命周期操作45,策略执行正确45,P1,功能,StrategyLifecycleController#method,
METERING_001,计量绑定管理,电表绑定,实施操作员,电表设备可用,计量绑定测试用例1,计量绑定操作1,计量绑定成功1,P1,功能,MeteringController#method,
METERING_002,计量绑定管理,电表绑定,实施操作员,电表设备可用,计量绑定测试用例2,计量绑定操作2,计量绑定成功2,P1,功能,MeteringController#method,
METERING_003,计量绑定管理,电表绑定,实施操作员,电表设备可用,计量绑定测试用例3,计量绑定操作3,计量绑定成功3,P1,功能,MeteringController#method,
METERING_004,计量绑定管理,电表绑定,实施操作员,电表设备可用,计量绑定测试用例4,计量绑定操作4,计量绑定成功4,P1,功能,MeteringController#method,
METERING_005,计量绑定管理,电表绑定,实施操作员,电表设备可用,计量绑定测试用例5,计量绑定操作5,计量绑定成功5,P1,功能,MeteringController#method,
METERING_006,计量绑定管理,电表绑定,实施操作员,电表设备可用,计量绑定测试用例6,计量绑定操作6,计量绑定成功6,P1,功能,MeteringController#method,
METERING_007,计量绑定管理,电表绑定,实施操作员,电表设备可用,计量绑定测试用例7,计量绑定操作7,计量绑定成功7,P1,功能,MeteringController#method,
METERING_008,计量绑定管理,电表绑定,实施操作员,电表设备可用,计量绑定测试用例8,计量绑定操作8,计量绑定成功8,P1,功能,MeteringController#method,
METERING_009,计量绑定管理,电表绑定,实施操作员,电表设备可用,计量绑定测试用例9,计量绑定操作9,计量绑定成功9,P1,功能,MeteringController#method,
METERING_010,计量绑定管理,电表绑定,实施操作员,电表设备可用,计量绑定测试用例10,计量绑定操作10,计量绑定成功10,P1,功能,MeteringController#method,
METERING_011,计量绑定管理,电表绑定,实施操作员,电表设备可用,计量绑定测试用例11,计量绑定操作11,计量绑定成功11,P1,功能,MeteringController#method,
METERING_012,计量绑定管理,电表绑定,实施操作员,电表设备可用,计量绑定测试用例12,计量绑定操作12,计量绑定成功12,P1,功能,MeteringController#method,
METERING_013,计量绑定管理,电表绑定,实施操作员,电表设备可用,计量绑定测试用例13,计量绑定操作13,计量绑定成功13,P1,功能,MeteringController#method,
METERING_014,计量绑定管理,电表绑定,实施操作员,电表设备可用,计量绑定测试用例14,计量绑定操作14,计量绑定成功14,P1,功能,MeteringController#method,
METERING_015,计量绑定管理,电表绑定,实施操作员,电表设备可用,计量绑定测试用例15,计量绑定操作15,计量绑定成功15,P1,功能,MeteringController#method,
METERING_016,计量绑定管理,计量统计,实施操作员,电表设备可用,计量绑定测试用例16,计量绑定操作16,计量绑定成功16,P1,功能,MeteringController#method,
METERING_017,计量绑定管理,计量统计,实施操作员,电表设备可用,计量绑定测试用例17,计量绑定操作17,计量绑定成功17,P1,功能,MeteringController#method,
METERING_018,计量绑定管理,计量统计,实施操作员,电表设备可用,计量绑定测试用例18,计量绑定操作18,计量绑定成功18,P1,功能,MeteringController#method,
METERING_019,计量绑定管理,计量统计,实施操作员,电表设备可用,计量绑定测试用例19,计量绑定操作19,计量绑定成功19,P1,功能,MeteringController#method,
METERING_020,计量绑定管理,计量统计,实施操作员,电表设备可用,计量绑定测试用例20,计量绑定操作20,计量绑定成功20,P1,功能,MeteringController#method,
METERING_021,计量绑定管理,计量统计,实施操作员,电表设备可用,计量绑定测试用例21,计量绑定操作21,计量绑定成功21,P1,功能,MeteringController#method,
METERING_022,计量绑定管理,计量统计,实施操作员,电表设备可用,计量绑定测试用例22,计量绑定操作22,计量绑定成功22,P1,功能,MeteringController#method,
METERING_023,计量绑定管理,计量统计,实施操作员,电表设备可用,计量绑定测试用例23,计量绑定操作23,计量绑定成功23,P1,功能,MeteringController#method,
METERING_024,计量绑定管理,计量统计,实施操作员,电表设备可用,计量绑定测试用例24,计量绑定操作24,计量绑定成功24,P1,功能,MeteringController#method,
METERING_025,计量绑定管理,计量统计,实施操作员,电表设备可用,计量绑定测试用例25,计量绑定操作25,计量绑定成功25,P1,功能,MeteringController#method,
METERING_026,计量绑定管理,计量统计,实施操作员,电表设备可用,计量绑定测试用例26,计量绑定操作26,计量绑定成功26,P1,功能,MeteringController#method,
METERING_027,计量绑定管理,计量统计,实施操作员,电表设备可用,计量绑定测试用例27,计量绑定操作27,计量绑定成功27,P1,功能,MeteringController#method,
METERING_028,计量绑定管理,计量统计,实施操作员,电表设备可用,计量绑定测试用例28,计量绑定操作28,计量绑定成功28,P1,功能,MeteringController#method,
METERING_029,计量绑定管理,计量统计,实施操作员,电表设备可用,计量绑定测试用例29,计量绑定操作29,计量绑定成功29,P1,功能,MeteringController#method,
METERING_030,计量绑定管理,计量统计,实施操作员,电表设备可用,计量绑定测试用例30,计量绑定操作30,计量绑定成功30,P1,功能,MeteringController#method,
MANUAL_001,手动模式联动,手动控制,门店店长,设备支持手动模式,手动模式测试用例1,手动模式操作1,手动模式切换成功1,P1,功能,ManualModeController#method,
MANUAL_002,手动模式联动,手动控制,门店店长,设备支持手动模式,手动模式测试用例2,手动模式操作2,手动模式切换成功2,P1,功能,ManualModeController#method,
MANUAL_003,手动模式联动,手动控制,门店店长,设备支持手动模式,手动模式测试用例3,手动模式操作3,手动模式切换成功3,P1,功能,ManualModeController#method,
MANUAL_004,手动模式联动,手动控制,门店店长,设备支持手动模式,手动模式测试用例4,手动模式操作4,手动模式切换成功4,P1,功能,ManualModeController#method,
MANUAL_005,手动模式联动,手动控制,门店店长,设备支持手动模式,手动模式测试用例5,手动模式操作5,手动模式切换成功5,P1,功能,ManualModeController#method,
MANUAL_006,手动模式联动,手动控制,门店店长,设备支持手动模式,手动模式测试用例6,手动模式操作6,手动模式切换成功6,P1,功能,ManualModeController#method,
MANUAL_007,手动模式联动,手动控制,门店店长,设备支持手动模式,手动模式测试用例7,手动模式操作7,手动模式切换成功7,P1,功能,ManualModeController#method,
MANUAL_008,手动模式联动,手动控制,门店店长,设备支持手动模式,手动模式测试用例8,手动模式操作8,手动模式切换成功8,P1,功能,ManualModeController#method,
MANUAL_009,手动模式联动,手动控制,门店店长,设备支持手动模式,手动模式测试用例9,手动模式操作9,手动模式切换成功9,P1,功能,ManualModeController#method,
MANUAL_010,手动模式联动,手动控制,门店店长,设备支持手动模式,手动模式测试用例10,手动模式操作10,手动模式切换成功10,P1,功能,ManualModeController#method,
MANUAL_011,手动模式联动,手动控制,门店店长,设备支持手动模式,手动模式测试用例11,手动模式操作11,手动模式切换成功11,P1,功能,ManualModeController#method,
MANUAL_012,手动模式联动,手动控制,门店店长,设备支持手动模式,手动模式测试用例12,手动模式操作12,手动模式切换成功12,P1,功能,ManualModeController#method,
MANUAL_013,手动模式联动,模式切换,门店店长,设备支持手动模式,手动模式测试用例13,手动模式操作13,手动模式切换成功13,P1,功能,ManualModeController#method,
MANUAL_014,手动模式联动,模式切换,门店店长,设备支持手动模式,手动模式测试用例14,手动模式操作14,手动模式切换成功14,P1,功能,ManualModeController#method,
MANUAL_015,手动模式联动,模式切换,门店店长,设备支持手动模式,手动模式测试用例15,手动模式操作15,手动模式切换成功15,P1,功能,ManualModeController#method,
MANUAL_016,手动模式联动,模式切换,门店店长,设备支持手动模式,手动模式测试用例16,手动模式操作16,手动模式切换成功16,P1,功能,ManualModeController#method,
MANUAL_017,手动模式联动,模式切换,门店店长,设备支持手动模式,手动模式测试用例17,手动模式操作17,手动模式切换成功17,P1,功能,ManualModeController#method,
MANUAL_018,手动模式联动,模式切换,门店店长,设备支持手动模式,手动模式测试用例18,手动模式操作18,手动模式切换成功18,P1,功能,ManualModeController#method,
MANUAL_019,手动模式联动,模式切换,门店店长,设备支持手动模式,手动模式测试用例19,手动模式操作19,手动模式切换成功19,P1,功能,ManualModeController#method,
MANUAL_020,手动模式联动,模式切换,门店店长,设备支持手动模式,手动模式测试用例20,手动模式操作20,手动模式切换成功20,P1,功能,ManualModeController#method,
MANUAL_021,手动模式联动,模式切换,门店店长,设备支持手动模式,手动模式测试用例21,手动模式操作21,手动模式切换成功21,P1,功能,ManualModeController#method,
MANUAL_022,手动模式联动,模式切换,门店店长,设备支持手动模式,手动模式测试用例22,手动模式操作22,手动模式切换成功22,P1,功能,ManualModeController#method,
MANUAL_023,手动模式联动,模式切换,门店店长,设备支持手动模式,手动模式测试用例23,手动模式操作23,手动模式切换成功23,P1,功能,ManualModeController#method,
MANUAL_024,手动模式联动,模式切换,门店店长,设备支持手动模式,手动模式测试用例24,手动模式操作24,手动模式切换成功24,P1,功能,ManualModeController#method,
MANUAL_025,手动模式联动,模式切换,门店店长,设备支持手动模式,手动模式测试用例25,手动模式操作25,手动模式切换成功25,P1,功能,ManualModeController#method,
COMM_STRATEGY_001,商业化策略,策略授权,超级管理员,商业化功能已启用,商业化策略测试用例1,商业化策略操作1,商业化策略配置成功1,P1,功能,CommercialStrategyController#method,
COMM_STRATEGY_002,商业化策略,策略授权,超级管理员,商业化功能已启用,商业化策略测试用例2,商业化策略操作2,商业化策略配置成功2,P1,功能,CommercialStrategyController#method,
COMM_STRATEGY_003,商业化策略,策略授权,超级管理员,商业化功能已启用,商业化策略测试用例3,商业化策略操作3,商业化策略配置成功3,P1,功能,CommercialStrategyController#method,
COMM_STRATEGY_004,商业化策略,策略授权,超级管理员,商业化功能已启用,商业化策略测试用例4,商业化策略操作4,商业化策略配置成功4,P1,功能,CommercialStrategyController#method,
COMM_STRATEGY_005,商业化策略,策略授权,超级管理员,商业化功能已启用,商业化策略测试用例5,商业化策略操作5,商业化策略配置成功5,P1,功能,CommercialStrategyController#method,
COMM_STRATEGY_006,商业化策略,策略授权,超级管理员,商业化功能已启用,商业化策略测试用例6,商业化策略操作6,商业化策略配置成功6,P1,功能,CommercialStrategyController#method,
COMM_STRATEGY_007,商业化策略,策略授权,超级管理员,商业化功能已启用,商业化策略测试用例7,商业化策略操作7,商业化策略配置成功7,P1,功能,CommercialStrategyController#method,
COMM_STRATEGY_008,商业化策略,策略授权,超级管理员,商业化功能已启用,商业化策略测试用例8,商业化策略操作8,商业化策略配置成功8,P1,功能,CommercialStrategyController#method,
COMM_STRATEGY_009,商业化策略,策略授权,超级管理员,商业化功能已启用,商业化策略测试用例9,商业化策略操作9,商业化策略配置成功9,P1,功能,CommercialStrategyController#method,
COMM_STRATEGY_010,商业化策略,策略授权,超级管理员,商业化功能已启用,商业化策略测试用例10,商业化策略操作10,商业化策略配置成功10,P1,功能,CommercialStrategyController#method,
COMM_STRATEGY_011,商业化策略,权限管理,超级管理员,商业化功能已启用,商业化策略测试用例11,商业化策略操作11,商业化策略配置成功11,P1,功能,CommercialStrategyController#method,
COMM_STRATEGY_012,商业化策略,权限管理,超级管理员,商业化功能已启用,商业化策略测试用例12,商业化策略操作12,商业化策略配置成功12,P1,功能,CommercialStrategyController#method,
COMM_STRATEGY_013,商业化策略,权限管理,超级管理员,商业化功能已启用,商业化策略测试用例13,商业化策略操作13,商业化策略配置成功13,P1,功能,CommercialStrategyController#method,
COMM_STRATEGY_014,商业化策略,权限管理,超级管理员,商业化功能已启用,商业化策略测试用例14,商业化策略操作14,商业化策略配置成功14,P1,功能,CommercialStrategyController#method,
COMM_STRATEGY_015,商业化策略,权限管理,超级管理员,商业化功能已启用,商业化策略测试用例15,商业化策略操作15,商业化策略配置成功15,P1,功能,CommercialStrategyController#method,
COMM_STRATEGY_016,商业化策略,权限管理,超级管理员,商业化功能已启用,商业化策略测试用例16,商业化策略操作16,商业化策略配置成功16,P1,功能,CommercialStrategyController#method,
COMM_STRATEGY_017,商业化策略,权限管理,超级管理员,商业化功能已启用,商业化策略测试用例17,商业化策略操作17,商业化策略配置成功17,P1,功能,CommercialStrategyController#method,
COMM_STRATEGY_018,商业化策略,权限管理,超级管理员,商业化功能已启用,商业化策略测试用例18,商业化策略操作18,商业化策略配置成功18,P1,功能,CommercialStrategyController#method,
COMM_STRATEGY_019,商业化策略,权限管理,超级管理员,商业化功能已启用,商业化策略测试用例19,商业化策略操作19,商业化策略配置成功19,P1,功能,CommercialStrategyController#method,
COMM_STRATEGY_020,商业化策略,权限管理,超级管理员,商业化功能已启用,商业化策略测试用例20,商业化策略操作20,商业化策略配置成功20,P1,功能,CommercialStrategyController#method,
FAULT_PERM_001,故障权限管理,权限配置,超级管理员,故障权限功能已启用,故障权限测试用例1,故障权限操作1,故障权限配置成功1,P1,权限,FaultPermissionController#method,
FAULT_PERM_002,故障权限管理,权限配置,超级管理员,故障权限功能已启用,故障权限测试用例2,故障权限操作2,故障权限配置成功2,P1,权限,FaultPermissionController#method,
FAULT_PERM_003,故障权限管理,权限配置,超级管理员,故障权限功能已启用,故障权限测试用例3,故障权限操作3,故障权限配置成功3,P1,权限,FaultPermissionController#method,
FAULT_PERM_004,故障权限管理,权限配置,超级管理员,故障权限功能已启用,故障权限测试用例4,故障权限操作4,故障权限配置成功4,P1,权限,FaultPermissionController#method,
FAULT_PERM_005,故障权限管理,权限配置,超级管理员,故障权限功能已启用,故障权限测试用例5,故障权限操作5,故障权限配置成功5,P1,权限,FaultPermissionController#method,
FAULT_PERM_006,故障权限管理,权限配置,超级管理员,故障权限功能已启用,故障权限测试用例6,故障权限操作6,故障权限配置成功6,P1,权限,FaultPermissionController#method,
FAULT_PERM_007,故障权限管理,权限配置,超级管理员,故障权限功能已启用,故障权限测试用例7,故障权限操作7,故障权限配置成功7,P1,权限,FaultPermissionController#method,
FAULT_PERM_008,故障权限管理,权限配置,超级管理员,故障权限功能已启用,故障权限测试用例8,故障权限操作8,故障权限配置成功8,P1,权限,FaultPermissionController#method,
FAULT_PERM_009,故障权限管理,权限审核,超级管理员,故障权限功能已启用,故障权限测试用例9,故障权限操作9,故障权限配置成功9,P1,权限,FaultPermissionController#method,
FAULT_PERM_010,故障权限管理,权限审核,超级管理员,故障权限功能已启用,故障权限测试用例10,故障权限操作10,故障权限配置成功10,P1,权限,FaultPermissionController#method,
FAULT_PERM_011,故障权限管理,权限审核,超级管理员,故障权限功能已启用,故障权限测试用例11,故障权限操作11,故障权限配置成功11,P1,权限,FaultPermissionController#method,
FAULT_PERM_012,故障权限管理,权限审核,超级管理员,故障权限功能已启用,故障权限测试用例12,故障权限操作12,故障权限配置成功12,P1,权限,FaultPermissionController#method,
FAULT_PERM_013,故障权限管理,权限审核,超级管理员,故障权限功能已启用,故障权限测试用例13,故障权限操作13,故障权限配置成功13,P1,权限,FaultPermissionController#method,
FAULT_PERM_014,故障权限管理,权限审核,超级管理员,故障权限功能已启用,故障权限测试用例14,故障权限操作14,故障权限配置成功14,P1,权限,FaultPermissionController#method,
FAULT_PERM_015,故障权限管理,权限审核,超级管理员,故障权限功能已启用,故障权限测试用例15,故障权限操作15,故障权限配置成功15,P1,权限,FaultPermissionController#method,
PROD_MGMT_001,品类产品管理,品类管理,超级管理员,产品管理权限已授权,品类产品管理测试用例1,品类产品操作1,品类产品配置成功1,P2,功能,ProductManagementController#method,
PROD_MGMT_002,品类产品管理,品类管理,超级管理员,产品管理权限已授权,品类产品管理测试用例2,品类产品操作2,品类产品配置成功2,P2,功能,ProductManagementController#method,
PROD_MGMT_003,品类产品管理,品类管理,超级管理员,产品管理权限已授权,品类产品管理测试用例3,品类产品操作3,品类产品配置成功3,P2,功能,ProductManagementController#method,
PROD_MGMT_004,品类产品管理,品类管理,超级管理员,产品管理权限已授权,品类产品管理测试用例4,品类产品操作4,品类产品配置成功4,P2,功能,ProductManagementController#method,
PROD_MGMT_005,品类产品管理,品类管理,超级管理员,产品管理权限已授权,品类产品管理测试用例5,品类产品操作5,品类产品配置成功5,P2,功能,ProductManagementController#method,
PROD_MGMT_006,品类产品管理,品类管理,超级管理员,产品管理权限已授权,品类产品管理测试用例6,品类产品操作6,品类产品配置成功6,P2,功能,ProductManagementController#method,
PROD_MGMT_007,品类产品管理,品类管理,超级管理员,产品管理权限已授权,品类产品管理测试用例7,品类产品操作7,品类产品配置成功7,P2,功能,ProductManagementController#method,
PROD_MGMT_008,品类产品管理,品类管理,超级管理员,产品管理权限已授权,品类产品管理测试用例8,品类产品操作8,品类产品配置成功8,P2,功能,ProductManagementController#method,
PROD_MGMT_009,品类产品管理,品类管理,超级管理员,产品管理权限已授权,品类产品管理测试用例9,品类产品操作9,品类产品配置成功9,P2,功能,ProductManagementController#method,
PROD_MGMT_010,品类产品管理,品类管理,超级管理员,产品管理权限已授权,品类产品管理测试用例10,品类产品操作10,品类产品配置成功10,P2,功能,ProductManagementController#method,
PROD_MGMT_011,品类产品管理,品类管理,超级管理员,产品管理权限已授权,品类产品管理测试用例11,品类产品操作11,品类产品配置成功11,P2,功能,ProductManagementController#method,
PROD_MGMT_012,品类产品管理,品类管理,超级管理员,产品管理权限已授权,品类产品管理测试用例12,品类产品操作12,品类产品配置成功12,P2,功能,ProductManagementController#method,
PROD_MGMT_013,品类产品管理,产品配置,超级管理员,产品管理权限已授权,品类产品管理测试用例13,品类产品操作13,品类产品配置成功13,P2,功能,ProductManagementController#method,
PROD_MGMT_014,品类产品管理,产品配置,超级管理员,产品管理权限已授权,品类产品管理测试用例14,品类产品操作14,品类产品配置成功14,P2,功能,ProductManagementController#method,
PROD_MGMT_015,品类产品管理,产品配置,超级管理员,产品管理权限已授权,品类产品管理测试用例15,品类产品操作15,品类产品配置成功15,P2,功能,ProductManagementController#method,
PROD_MGMT_016,品类产品管理,产品配置,超级管理员,产品管理权限已授权,品类产品管理测试用例16,品类产品操作16,品类产品配置成功16,P2,功能,ProductManagementController#method,
PROD_MGMT_017,品类产品管理,产品配置,超级管理员,产品管理权限已授权,品类产品管理测试用例17,品类产品操作17,品类产品配置成功17,P2,功能,ProductManagementController#method,
PROD_MGMT_018,品类产品管理,产品配置,超级管理员,产品管理权限已授权,品类产品管理测试用例18,品类产品操作18,品类产品配置成功18,P2,功能,ProductManagementController#method,
PROD_MGMT_019,品类产品管理,产品配置,超级管理员,产品管理权限已授权,品类产品管理测试用例19,品类产品操作19,品类产品配置成功19,P2,功能,ProductManagementController#method,
PROD_MGMT_020,品类产品管理,产品配置,超级管理员,产品管理权限已授权,品类产品管理测试用例20,品类产品操作20,品类产品配置成功20,P2,功能,ProductManagementController#method,
PROD_MGMT_021,品类产品管理,产品配置,超级管理员,产品管理权限已授权,品类产品管理测试用例21,品类产品操作21,品类产品配置成功21,P2,功能,ProductManagementController#method,
PROD_MGMT_022,品类产品管理,产品配置,超级管理员,产品管理权限已授权,品类产品管理测试用例22,品类产品操作22,品类产品配置成功22,P2,功能,ProductManagementController#method,
PROD_MGMT_023,品类产品管理,产品配置,超级管理员,产品管理权限已授权,品类产品管理测试用例23,品类产品操作23,品类产品配置成功23,P2,功能,ProductManagementController#method,
PROD_MGMT_024,品类产品管理,产品配置,超级管理员,产品管理权限已授权,品类产品管理测试用例24,品类产品操作24,品类产品配置成功24,P2,功能,ProductManagementController#method,
PROD_MGMT_025,品类产品管理,产品配置,超级管理员,产品管理权限已授权,品类产品管理测试用例25,品类产品操作25,品类产品配置成功25,P2,功能,ProductManagementController#method,
USER_PROD_001,用户产品分配,产品分配,超级管理员,用户和产品数据已准备,用户产品分配测试用例1,用户产品分配操作1,用户产品分配成功1,P2,功能,UserProductController#method,
USER_PROD_002,用户产品分配,产品分配,超级管理员,用户和产品数据已准备,用户产品分配测试用例2,用户产品分配操作2,用户产品分配成功2,P2,功能,UserProductController#method,
USER_PROD_003,用户产品分配,产品分配,超级管理员,用户和产品数据已准备,用户产品分配测试用例3,用户产品分配操作3,用户产品分配成功3,P2,功能,UserProductController#method,
USER_PROD_004,用户产品分配,产品分配,超级管理员,用户和产品数据已准备,用户产品分配测试用例4,用户产品分配操作4,用户产品分配成功4,P2,功能,UserProductController#method,
USER_PROD_005,用户产品分配,产品分配,超级管理员,用户和产品数据已准备,用户产品分配测试用例5,用户产品分配操作5,用户产品分配成功5,P2,功能,UserProductController#method,
USER_PROD_006,用户产品分配,产品分配,超级管理员,用户和产品数据已准备,用户产品分配测试用例6,用户产品分配操作6,用户产品分配成功6,P2,功能,UserProductController#method,
USER_PROD_007,用户产品分配,产品分配,超级管理员,用户和产品数据已准备,用户产品分配测试用例7,用户产品分配操作7,用户产品分配成功7,P2,功能,UserProductController#method,
USER_PROD_008,用户产品分配,产品分配,超级管理员,用户和产品数据已准备,用户产品分配测试用例8,用户产品分配操作8,用户产品分配成功8,P2,功能,UserProductController#method,
USER_PROD_009,用户产品分配,权限管理,超级管理员,用户和产品数据已准备,用户产品分配测试用例9,用户产品分配操作9,用户产品分配成功9,P2,功能,UserProductController#method,
USER_PROD_010,用户产品分配,权限管理,超级管理员,用户和产品数据已准备,用户产品分配测试用例10,用户产品分配操作10,用户产品分配成功10,P2,功能,UserProductController#method,
USER_PROD_011,用户产品分配,权限管理,超级管理员,用户和产品数据已准备,用户产品分配测试用例11,用户产品分配操作11,用户产品分配成功11,P2,功能,UserProductController#method,
USER_PROD_012,用户产品分配,权限管理,超级管理员,用户和产品数据已准备,用户产品分配测试用例12,用户产品分配操作12,用户产品分配成功12,P2,功能,UserProductController#method,
USER_PROD_013,用户产品分配,权限管理,超级管理员,用户和产品数据已准备,用户产品分配测试用例13,用户产品分配操作13,用户产品分配成功13,P2,功能,UserProductController#method,
USER_PROD_014,用户产品分配,权限管理,超级管理员,用户和产品数据已准备,用户产品分配测试用例14,用户产品分配操作14,用户产品分配成功14,P2,功能,UserProductController#method,
USER_PROD_015,用户产品分配,权限管理,超级管理员,用户和产品数据已准备,用户产品分配测试用例15,用户产品分配操作15,用户产品分配成功15,P2,功能,UserProductController#method,
SECURITY_001,权限安全测试,权限校验,安全测试员,系统安全配置已启用,权限安全测试用例1,安全测试操作1,安全防护生效1,P0,安全,SecurityController#method,
SECURITY_002,权限安全测试,权限校验,安全测试员,系统安全配置已启用,权限安全测试用例2,安全测试操作2,安全防护生效2,P0,安全,SecurityController#method,
SECURITY_003,权限安全测试,权限校验,安全测试员,系统安全配置已启用,权限安全测试用例3,安全测试操作3,安全防护生效3,P0,安全,SecurityController#method,
SECURITY_004,权限安全测试,权限校验,安全测试员,系统安全配置已启用,权限安全测试用例4,安全测试操作4,安全防护生效4,P0,安全,SecurityController#method,
SECURITY_005,权限安全测试,权限校验,安全测试员,系统安全配置已启用,权限安全测试用例5,安全测试操作5,安全防护生效5,P0,安全,SecurityController#method,
SECURITY_006,权限安全测试,权限校验,安全测试员,系统安全配置已启用,权限安全测试用例6,安全测试操作6,安全防护生效6,P0,安全,SecurityController#method,
SECURITY_007,权限安全测试,权限校验,安全测试员,系统安全配置已启用,权限安全测试用例7,安全测试操作7,安全防护生效7,P0,安全,SecurityController#method,
SECURITY_008,权限安全测试,权限校验,安全测试员,系统安全配置已启用,权限安全测试用例8,安全测试操作8,安全防护生效8,P0,安全,SecurityController#method,
SECURITY_009,权限安全测试,权限校验,安全测试员,系统安全配置已启用,权限安全测试用例9,安全测试操作9,安全防护生效9,P0,安全,SecurityController#method,
SECURITY_010,权限安全测试,权限校验,安全测试员,系统安全配置已启用,权限安全测试用例10,安全测试操作10,安全防护生效10,P0,安全,SecurityController#method,
SECURITY_011,权限安全测试,权限校验,安全测试员,系统安全配置已启用,权限安全测试用例11,安全测试操作11,安全防护生效11,P1,安全,SecurityController#method,
SECURITY_012,权限安全测试,权限校验,安全测试员,系统安全配置已启用,权限安全测试用例12,安全测试操作12,安全防护生效12,P1,安全,SecurityController#method,
SECURITY_013,权限安全测试,权限校验,安全测试员,系统安全配置已启用,权限安全测试用例13,安全测试操作13,安全防护生效13,P1,安全,SecurityController#method,
SECURITY_014,权限安全测试,权限校验,安全测试员,系统安全配置已启用,权限安全测试用例14,安全测试操作14,安全防护生效14,P1,安全,SecurityController#method,
SECURITY_015,权限安全测试,权限校验,安全测试员,系统安全配置已启用,权限安全测试用例15,安全测试操作15,安全防护生效15,P1,安全,SecurityController#method,
SECURITY_016,权限安全测试,安全防护,安全测试员,系统安全配置已启用,权限安全测试用例16,安全测试操作16,安全防护生效16,P1,安全,SecurityController#method,
SECURITY_017,权限安全测试,安全防护,安全测试员,系统安全配置已启用,权限安全测试用例17,安全测试操作17,安全防护生效17,P1,安全,SecurityController#method,
SECURITY_018,权限安全测试,安全防护,安全测试员,系统安全配置已启用,权限安全测试用例18,安全测试操作18,安全防护生效18,P1,安全,SecurityController#method,
SECURITY_019,权限安全测试,安全防护,安全测试员,系统安全配置已启用,权限安全测试用例19,安全测试操作19,安全防护生效19,P1,安全,SecurityController#method,
SECURITY_020,权限安全测试,安全防护,安全测试员,系统安全配置已启用,权限安全测试用例20,安全测试操作20,安全防护生效20,P1,安全,SecurityController#method,
SECURITY_021,权限安全测试,安全防护,安全测试员,系统安全配置已启用,权限安全测试用例21,安全测试操作21,安全防护生效21,P1,安全,SecurityController#method,
SECURITY_022,权限安全测试,安全防护,安全测试员,系统安全配置已启用,权限安全测试用例22,安全测试操作22,安全防护生效22,P1,安全,SecurityController#method,
SECURITY_023,权限安全测试,安全防护,安全测试员,系统安全配置已启用,权限安全测试用例23,安全测试操作23,安全防护生效23,P1,安全,SecurityController#method,
SECURITY_024,权限安全测试,安全防护,安全测试员,系统安全配置已启用,权限安全测试用例24,安全测试操作24,安全防护生效24,P1,安全,SecurityController#method,
SECURITY_025,权限安全测试,安全防护,安全测试员,系统安全配置已启用,权限安全测试用例25,安全测试操作25,安全防护生效25,P1,安全,SecurityController#method,
SECURITY_026,权限安全测试,安全防护,安全测试员,系统安全配置已启用,权限安全测试用例26,安全测试操作26,安全防护生效26,P1,安全,SecurityController#method,
SECURITY_027,权限安全测试,安全防护,安全测试员,系统安全配置已启用,权限安全测试用例27,安全测试操作27,安全防护生效27,P1,安全,SecurityController#method,
SECURITY_028,权限安全测试,安全防护,安全测试员,系统安全配置已启用,权限安全测试用例28,安全测试操作28,安全防护生效28,P1,安全,SecurityController#method,
SECURITY_029,权限安全测试,安全防护,安全测试员,系统安全配置已启用,权限安全测试用例29,安全测试操作29,安全防护生效29,P1,安全,SecurityController#method,
SECURITY_030,权限安全测试,安全防护,安全测试员,系统安全配置已启用,权限安全测试用例30,安全测试操作30,安全防护生效30,P1,安全,SecurityController#method,
CONCURRENCY_001,并发一致性,并发控制,性能测试员,多用户并发环境,并发一致性测试用例1,并发测试操作1,数据一致性保证1,P1,性能,ConcurrencyController#method,
CONCURRENCY_002,并发一致性,并发控制,性能测试员,多用户并发环境,并发一致性测试用例2,并发测试操作2,数据一致性保证2,P1,性能,ConcurrencyController#method,
CONCURRENCY_003,并发一致性,并发控制,性能测试员,多用户并发环境,并发一致性测试用例3,并发测试操作3,数据一致性保证3,P1,性能,ConcurrencyController#method,
CONCURRENCY_004,并发一致性,并发控制,性能测试员,多用户并发环境,并发一致性测试用例4,并发测试操作4,数据一致性保证4,P1,性能,ConcurrencyController#method,
CONCURRENCY_005,并发一致性,并发控制,性能测试员,多用户并发环境,并发一致性测试用例5,并发测试操作5,数据一致性保证5,P1,性能,ConcurrencyController#method,
CONCURRENCY_006,并发一致性,并发控制,性能测试员,多用户并发环境,并发一致性测试用例6,并发测试操作6,数据一致性保证6,P1,性能,ConcurrencyController#method,
CONCURRENCY_007,并发一致性,并发控制,性能测试员,多用户并发环境,并发一致性测试用例7,并发测试操作7,数据一致性保证7,P1,性能,ConcurrencyController#method,
CONCURRENCY_008,并发一致性,并发控制,性能测试员,多用户并发环境,并发一致性测试用例8,并发测试操作8,数据一致性保证8,P1,性能,ConcurrencyController#method,
CONCURRENCY_009,并发一致性,并发控制,性能测试员,多用户并发环境,并发一致性测试用例9,并发测试操作9,数据一致性保证9,P1,性能,ConcurrencyController#method,
CONCURRENCY_010,并发一致性,并发控制,性能测试员,多用户并发环境,并发一致性测试用例10,并发测试操作10,数据一致性保证10,P1,性能,ConcurrencyController#method,
CONCURRENCY_011,并发一致性,并发控制,性能测试员,多用户并发环境,并发一致性测试用例11,并发测试操作11,数据一致性保证11,P1,性能,ConcurrencyController#method,
CONCURRENCY_012,并发一致性,并发控制,性能测试员,多用户并发环境,并发一致性测试用例12,并发测试操作12,数据一致性保证12,P1,性能,ConcurrencyController#method,
CONCURRENCY_013,并发一致性,数据一致性,性能测试员,多用户并发环境,并发一致性测试用例13,并发测试操作13,数据一致性保证13,P1,性能,ConcurrencyController#method,
CONCURRENCY_014,并发一致性,数据一致性,性能测试员,多用户并发环境,并发一致性测试用例14,并发测试操作14,数据一致性保证14,P1,性能,ConcurrencyController#method,
CONCURRENCY_015,并发一致性,数据一致性,性能测试员,多用户并发环境,并发一致性测试用例15,并发测试操作15,数据一致性保证15,P1,性能,ConcurrencyController#method,
CONCURRENCY_016,并发一致性,数据一致性,性能测试员,多用户并发环境,并发一致性测试用例16,并发测试操作16,数据一致性保证16,P1,性能,ConcurrencyController#method,
CONCURRENCY_017,并发一致性,数据一致性,性能测试员,多用户并发环境,并发一致性测试用例17,并发测试操作17,数据一致性保证17,P1,性能,ConcurrencyController#method,
CONCURRENCY_018,并发一致性,数据一致性,性能测试员,多用户并发环境,并发一致性测试用例18,并发测试操作18,数据一致性保证18,P1,性能,ConcurrencyController#method,
CONCURRENCY_019,并发一致性,数据一致性,性能测试员,多用户并发环境,并发一致性测试用例19,并发测试操作19,数据一致性保证19,P1,性能,ConcurrencyController#method,
CONCURRENCY_020,并发一致性,数据一致性,性能测试员,多用户并发环境,并发一致性测试用例20,并发测试操作20,数据一致性保证20,P1,性能,ConcurrencyController#method,
CONCURRENCY_021,并发一致性,数据一致性,性能测试员,多用户并发环境,并发一致性测试用例21,并发测试操作21,数据一致性保证21,P1,性能,ConcurrencyController#method,
CONCURRENCY_022,并发一致性,数据一致性,性能测试员,多用户并发环境,并发一致性测试用例22,并发测试操作22,数据一致性保证22,P1,性能,ConcurrencyController#method,
CONCURRENCY_023,并发一致性,数据一致性,性能测试员,多用户并发环境,并发一致性测试用例23,并发测试操作23,数据一致性保证23,P1,性能,ConcurrencyController#method,
CONCURRENCY_024,并发一致性,数据一致性,性能测试员,多用户并发环境,并发一致性测试用例24,并发测试操作24,数据一致性保证24,P1,性能,ConcurrencyController#method,
CONCURRENCY_025,并发一致性,数据一致性,性能测试员,多用户并发环境,并发一致性测试用例25,并发测试操作25,数据一致性保证25,P1,性能,ConcurrencyController#method,
I18N_001,国际化兼容,语言切换,UI测试员,多语言环境已配置,国际化兼容测试用例1,国际化测试操作1,多语言显示正确1,P2,功能,I18nController#method,
I18N_002,国际化兼容,语言切换,UI测试员,多语言环境已配置,国际化兼容测试用例2,国际化测试操作2,多语言显示正确2,P2,功能,I18nController#method,
I18N_003,国际化兼容,语言切换,UI测试员,多语言环境已配置,国际化兼容测试用例3,国际化测试操作3,多语言显示正确3,P2,功能,I18nController#method,
I18N_004,国际化兼容,语言切换,UI测试员,多语言环境已配置,国际化兼容测试用例4,国际化测试操作4,多语言显示正确4,P2,功能,I18nController#method,
I18N_005,国际化兼容,语言切换,UI测试员,多语言环境已配置,国际化兼容测试用例5,国际化测试操作5,多语言显示正确5,P2,功能,I18nController#method,
I18N_006,国际化兼容,语言切换,UI测试员,多语言环境已配置,国际化兼容测试用例6,国际化测试操作6,多语言显示正确6,P2,功能,I18nController#method,
I18N_007,国际化兼容,语言切换,UI测试员,多语言环境已配置,国际化兼容测试用例7,国际化测试操作7,多语言显示正确7,P2,功能,I18nController#method,
I18N_008,国际化兼容,语言切换,UI测试员,多语言环境已配置,国际化兼容测试用例8,国际化测试操作8,多语言显示正确8,P2,功能,I18nController#method,
I18N_009,国际化兼容,语言切换,UI测试员,多语言环境已配置,国际化兼容测试用例9,国际化测试操作9,多语言显示正确9,P2,功能,I18nController#method,
I18N_010,国际化兼容,语言切换,UI测试员,多语言环境已配置,国际化兼容测试用例10,国际化测试操作10,多语言显示正确10,P2,功能,I18nController#method,
I18N_011,国际化兼容,文本显示,UI测试员,多语言环境已配置,国际化兼容测试用例11,国际化测试操作11,多语言显示正确11,P2,功能,I18nController#method,
I18N_012,国际化兼容,文本显示,UI测试员,多语言环境已配置,国际化兼容测试用例12,国际化测试操作12,多语言显示正确12,P2,功能,I18nController#method,
I18N_013,国际化兼容,文本显示,UI测试员,多语言环境已配置,国际化兼容测试用例13,国际化测试操作13,多语言显示正确13,P2,功能,I18nController#method,
I18N_014,国际化兼容,文本显示,UI测试员,多语言环境已配置,国际化兼容测试用例14,国际化测试操作14,多语言显示正确14,P2,功能,I18nController#method,
I18N_015,国际化兼容,文本显示,UI测试员,多语言环境已配置,国际化兼容测试用例15,国际化测试操作15,多语言显示正确15,P2,功能,I18nController#method,
I18N_016,国际化兼容,文本显示,UI测试员,多语言环境已配置,国际化兼容测试用例16,国际化测试操作16,多语言显示正确16,P2,功能,I18nController#method,
I18N_017,国际化兼容,文本显示,UI测试员,多语言环境已配置,国际化兼容测试用例17,国际化测试操作17,多语言显示正确17,P2,功能,I18nController#method,
I18N_018,国际化兼容,文本显示,UI测试员,多语言环境已配置,国际化兼容测试用例18,国际化测试操作18,多语言显示正确18,P2,功能,I18nController#method,
I18N_019,国际化兼容,文本显示,UI测试员,多语言环境已配置,国际化兼容测试用例19,国际化测试操作19,多语言显示正确19,P2,功能,I18nController#method,
I18N_020,国际化兼容,文本显示,UI测试员,多语言环境已配置,国际化兼容测试用例20,国际化测试操作20,多语言显示正确20,P2,功能,I18nController#method,
EXPORT_001,导出一致性,数据导出,数据测试员,有可导出的数据,导出一致性测试用例1,导出测试操作1,导出数据一致1,P1,功能,ExportController#method,
EXPORT_002,导出一致性,数据导出,数据测试员,有可导出的数据,导出一致性测试用例2,导出测试操作2,导出数据一致2,P1,功能,ExportController#method,
EXPORT_003,导出一致性,数据导出,数据测试员,有可导出的数据,导出一致性测试用例3,导出测试操作3,导出数据一致3,P1,功能,ExportController#method,
EXPORT_004,导出一致性,数据导出,数据测试员,有可导出的数据,导出一致性测试用例4,导出测试操作4,导出数据一致4,P1,功能,ExportController#method,
EXPORT_005,导出一致性,数据导出,数据测试员,有可导出的数据,导出一致性测试用例5,导出测试操作5,导出数据一致5,P1,功能,ExportController#method,
EXPORT_006,导出一致性,数据导出,数据测试员,有可导出的数据,导出一致性测试用例6,导出测试操作6,导出数据一致6,P1,功能,ExportController#method,
EXPORT_007,导出一致性,数据导出,数据测试员,有可导出的数据,导出一致性测试用例7,导出测试操作7,导出数据一致7,P1,功能,ExportController#method,
EXPORT_008,导出一致性,数据导出,数据测试员,有可导出的数据,导出一致性测试用例8,导出测试操作8,导出数据一致8,P1,功能,ExportController#method,
EXPORT_009,导出一致性,格式校验,数据测试员,有可导出的数据,导出一致性测试用例9,导出测试操作9,导出数据一致9,P1,功能,ExportController#method,
EXPORT_010,导出一致性,格式校验,数据测试员,有可导出的数据,导出一致性测试用例10,导出测试操作10,导出数据一致10,P1,功能,ExportController#method,
EXPORT_011,导出一致性,格式校验,数据测试员,有可导出的数据,导出一致性测试用例11,导出测试操作11,导出数据一致11,P1,功能,ExportController#method,
EXPORT_012,导出一致性,格式校验,数据测试员,有可导出的数据,导出一致性测试用例12,导出测试操作12,导出数据一致12,P1,功能,ExportController#method,
EXPORT_013,导出一致性,格式校验,数据测试员,有可导出的数据,导出一致性测试用例13,导出测试操作13,导出数据一致13,P1,功能,ExportController#method,
EXPORT_014,导出一致性,格式校验,数据测试员,有可导出的数据,导出一致性测试用例14,导出测试操作14,导出数据一致14,P1,功能,ExportController#method,
EXPORT_015,导出一致性,格式校验,数据测试员,有可导出的数据,导出一致性测试用例15,导出测试操作15,导出数据一致15,P1,功能,ExportController#method,
NETWORK_001,网络异常处理,网络超时,网络测试员,网络环境可控制,网络异常处理测试用例1,网络异常测试操作1,异常处理正确1,P1,异常,NetworkController#method,
NETWORK_002,网络异常处理,网络超时,网络测试员,网络环境可控制,网络异常处理测试用例2,网络异常测试操作2,异常处理正确2,P1,异常,NetworkController#method,
NETWORK_003,网络异常处理,网络超时,网络测试员,网络环境可控制,网络异常处理测试用例3,网络异常测试操作3,异常处理正确3,P1,异常,NetworkController#method,
NETWORK_004,网络异常处理,网络超时,网络测试员,网络环境可控制,网络异常处理测试用例4,网络异常测试操作4,异常处理正确4,P1,异常,NetworkController#method,
NETWORK_005,网络异常处理,网络超时,网络测试员,网络环境可控制,网络异常处理测试用例5,网络异常测试操作5,异常处理正确5,P1,异常,NetworkController#method,
NETWORK_006,网络异常处理,网络超时,网络测试员,网络环境可控制,网络异常处理测试用例6,网络异常测试操作6,异常处理正确6,P1,异常,NetworkController#method,
NETWORK_007,网络异常处理,网络超时,网络测试员,网络环境可控制,网络异常处理测试用例7,网络异常测试操作7,异常处理正确7,P1,异常,NetworkController#method,
NETWORK_008,网络异常处理,网络超时,网络测试员,网络环境可控制,网络异常处理测试用例8,网络异常测试操作8,异常处理正确8,P1,异常,NetworkController#method,
NETWORK_009,网络异常处理,网络超时,网络测试员,网络环境可控制,网络异常处理测试用例9,网络异常测试操作9,异常处理正确9,P1,异常,NetworkController#method,
NETWORK_010,网络异常处理,网络超时,网络测试员,网络环境可控制,网络异常处理测试用例10,网络异常测试操作10,异常处理正确10,P1,异常,NetworkController#method,
NETWORK_011,网络异常处理,断网处理,网络测试员,网络环境可控制,网络异常处理测试用例11,网络异常测试操作11,异常处理正确11,P1,异常,NetworkController#method,
NETWORK_012,网络异常处理,断网处理,网络测试员,网络环境可控制,网络异常处理测试用例12,网络异常测试操作12,异常处理正确12,P1,异常,NetworkController#method,
NETWORK_013,网络异常处理,断网处理,网络测试员,网络环境可控制,网络异常处理测试用例13,网络异常测试操作13,异常处理正确13,P1,异常,NetworkController#method,
NETWORK_014,网络异常处理,断网处理,网络测试员,网络环境可控制,网络异常处理测试用例14,网络异常测试操作14,异常处理正确14,P1,异常,NetworkController#method,
NETWORK_015,网络异常处理,断网处理,网络测试员,网络环境可控制,网络异常处理测试用例15,网络异常测试操作15,异常处理正确15,P1,异常,NetworkController#method,
NETWORK_016,网络异常处理,断网处理,网络测试员,网络环境可控制,网络异常处理测试用例16,网络异常测试操作16,异常处理正确16,P1,异常,NetworkController#method,
NETWORK_017,网络异常处理,断网处理,网络测试员,网络环境可控制,网络异常处理测试用例17,网络异常测试操作17,异常处理正确17,P1,异常,NetworkController#method,
NETWORK_018,网络异常处理,断网处理,网络测试员,网络环境可控制,网络异常处理测试用例18,网络异常测试操作18,异常处理正确18,P1,异常,NetworkController#method,
NETWORK_019,网络异常处理,断网处理,网络测试员,网络环境可控制,网络异常处理测试用例19,网络异常测试操作19,异常处理正确19,P1,异常,NetworkController#method,
NETWORK_020,网络异常处理,断网处理,网络测试员,网络环境可控制,网络异常处理测试用例20,网络异常测试操作20,异常处理正确20,P1,异常,NetworkController#method,
PERFORMANCE_001,性能压力测试,负载测试,性能测试员,性能测试环境已准备,性能压力测试用例1,性能测试操作1,性能指标达标1,P2,性能,PerformanceController#method,
PERFORMANCE_002,性能压力测试,负载测试,性能测试员,性能测试环境已准备,性能压力测试用例2,性能测试操作2,性能指标达标2,P2,性能,PerformanceController#method,
PERFORMANCE_003,性能压力测试,负载测试,性能测试员,性能测试环境已准备,性能压力测试用例3,性能测试操作3,性能指标达标3,P2,性能,PerformanceController#method,
PERFORMANCE_004,性能压力测试,负载测试,性能测试员,性能测试环境已准备,性能压力测试用例4,性能测试操作4,性能指标达标4,P2,性能,PerformanceController#method,
PERFORMANCE_005,性能压力测试,负载测试,性能测试员,性能测试环境已准备,性能压力测试用例5,性能测试操作5,性能指标达标5,P2,性能,PerformanceController#method,
PERFORMANCE_006,性能压力测试,负载测试,性能测试员,性能测试环境已准备,性能压力测试用例6,性能测试操作6,性能指标达标6,P2,性能,PerformanceController#method,
PERFORMANCE_007,性能压力测试,负载测试,性能测试员,性能测试环境已准备,性能压力测试用例7,性能测试操作7,性能指标达标7,P2,性能,PerformanceController#method,
PERFORMANCE_008,性能压力测试,负载测试,性能测试员,性能测试环境已准备,性能压力测试用例8,性能测试操作8,性能指标达标8,P2,性能,PerformanceController#method,
PERFORMANCE_009,性能压力测试,压力测试,性能测试员,性能测试环境已准备,性能压力测试用例9,性能测试操作9,性能指标达标9,P2,性能,PerformanceController#method,
PERFORMANCE_010,性能压力测试,压力测试,性能测试员,性能测试环境已准备,性能压力测试用例10,性能测试操作10,性能指标达标10,P2,性能,PerformanceController#method,
PERFORMANCE_011,性能压力测试,压力测试,性能测试员,性能测试环境已准备,性能压力测试用例11,性能测试操作11,性能指标达标11,P2,性能,PerformanceController#method,
PERFORMANCE_012,性能压力测试,压力测试,性能测试员,性能测试环境已准备,性能压力测试用例12,性能测试操作12,性能指标达标12,P2,性能,PerformanceController#method,
PERFORMANCE_013,性能压力测试,压力测试,性能测试员,性能测试环境已准备,性能压力测试用例13,性能测试操作13,性能指标达标13,P2,性能,PerformanceController#method,
PERFORMANCE_014,性能压力测试,压力测试,性能测试员,性能测试环境已准备,性能压力测试用例14,性能测试操作14,性能指标达标14,P2,性能,PerformanceController#method,
PERFORMANCE_015,性能压力测试,压力测试,性能测试员,性能测试环境已准备,性能压力测试用例15,性能测试操作15,性能指标达标15,P2,性能,PerformanceController#method,
